/*
insert into hotel (id, naziv, adresa, opis, prosecna_ocena) values (1, 'Fontana', 'Kralja Petra I 21, Novi Sad, Srbija','Hotel ima veliko dvoriste',0);
insert into hotel (id, naziv, adresa, opis, prosecna_ocena) values (2, 'Vojvodina', 'Sutjeska 12, Herceg Novi, Crna Gora','Hotel je veoma popularan leti',0);
insert into hotel (id, naziv, adresa, opis, prosecna_Ocena) values (3, 'Four Seasons', 'Boticelijeva 52c, Firenca, Italija','Veoma blizu autobuske stanice',0);
insert into hotel (id, naziv, adresa, opis, prosecna_Ocena) values (4, 'Beli Dvor', 'Marsala Tita 55, Sarajevo, Bosna i Hercegovina','Hotel je skoro renoviran',0);
insert into avio_kompanija (id, naziv, adresa, promotivni_opis, prosecna_Ocena) values (1, 'WizzAir', 'Nikole Tesle 2, Beograd, Srbija','Najpopularniji u Srbiji',0);
insert into rentacar (id, naziv_servisa, adresa_servisa, opis_servisa, prosecna_Ocena_servisa) values (1, 'Get Your Ride', 'Terazije 14, Beograd, Srbija','Veliki broj novih modela Fijata',0);
insert into cenovnik_usluga_hotela (id, cena, usluga, hotel_id) values (12131, 500, 'Klima',1);
insert into cenovnik_usluga_hotela (id, cena, usluga, hotel_id) values (55553, 150, 'Wi-Fi',1);
insert into cenovnik_usluga_hotela (id, cena, usluga, hotel_id) values (23123, 3000, 'Djakuzi',3);
insert into soba(id,broj_sobe,hotel_id,sprat,broj_kreveta) values (1123,1,1,2,4);
insert into soba(id,broj_sobe,hotel_id,sprat,broj_kreveta) values (1124,1,2,1,2);
insert into soba(id,broj_sobe,hotel_id,sprat,broj_kreveta) values (1125,2,1,3,3);
INSERT INTO korisnik (id, username, password, ime, prezime, email, enabled, last_password_reset_date,verifikovan) VALUES (1, 'user', '$2a$04$Vbug2lwwJGrvUXTj6z7ff.97IzVBkrJ1XfApfGNl.Z695zqcnPYra', 'Marko', 'Markovic', 'user@example.com', true, '2017-10-01 21:58:58',true);
INSERT INTO korisnik (id, username, password, ime, prezime, email, enabled, last_password_reset_date,verifikovan) VALUES (2, 'admin', '$2a$04$Vbug2lwwJGrvUXTj6z7ff.97IzVBkrJ1XfApfGNl.Z695zqcnPYra', 'Nikola', 'Nikolic', 'admin@example.com', true, '2017-10-01 18:57:58',true);

INSERT INTO AUTHORITY (id, name) VALUES (1, 'ROLE_USER');
INSERT INTO AUTHORITY (id, name) VALUES (2, 'ROLE_ADMIN');

INSERT INTO USER_AUTHORITY (user_id, authority_id) VALUES (1, 1);
INSERT INTO USER_AUTHORITY (user_id, authority_id) VALUES (2, 2);

insert into status_sobe(id, soba_id, datum, zauzeto, cena, popust) values (1, 1123, '2019-01-01', 0, 2000, 0);
insert into status_sobe(id, soba_id, datum, zauzeto, cena, popust) values (2, 1123, '2019-01-02', 1, 2000, 0);
insert into status_sobe(id, soba_id, datum, zauzeto, cena, popust) values (3, 1123, '2019-01-03', 0, 2000, 0);
insert into status_sobe(id, soba_id, datum, zauzeto, cena, popust) values (4, 1123, '2019-01-04', 0, 2000, 0);
insert into status_sobe(id, soba_id, datum, zauzeto, cena, popust) values (5, 1123, '2019-01-05', 0, 2000, 0);
insert into status_sobe(id, soba_id, datum, zauzeto, cena, popust) values (6, 1123, '2019-01-06', 0, 2000, 0);
insert into status_sobe(id, soba_id, datum, zauzeto, cena, popust) values (7, 1123, '2019-01-07', 0, 2000, 0);
insert into status_sobe(id, soba_id, datum, zauzeto, cena, popust) values (8, 1123, '2019-01-08', 0, 2000, 0);
insert into status_sobe(id, soba_id, datum, zauzeto, cena, popust) values (9, 1123, '2019-01-09', 0, 2000, 0);
insert into status_sobe(id, soba_id, datum, zauzeto, cena, popust) values (10, 1123, '2019-01-10', 0, 2000, 0);
insert into status_sobe(id, soba_id, datum, zauzeto, cena, popust) values (11, 1123, '2019-01-11', 0, 2000, 0);
insert into status_sobe(id, soba_id, datum, zauzeto, cena, popust) values (12, 1123, '2019-01-12', 0, 2000, 0);
insert into status_sobe(id, soba_id, datum, zauzeto, cena, popust) values (13, 1123, '2019-01-13', 0, 2000, 0);
insert into status_sobe(id, soba_id, datum, zauzeto, cena, popust) values (14, 1123, '2019-01-14', 0, 2000, 0);
insert into status_sobe(id, soba_id, datum, zauzeto, cena, popust) values (15, 1123, '2019-01-15', 0, 2000, 0);
insert into status_sobe(id, soba_id, datum, zauzeto, cena, popust) values (16, 1123, '2019-01-16', 0, 2000, 0);
insert into status_sobe(id, soba_id, datum, zauzeto, cena, popust) values (17, 1123, '2019-01-17', 0, 2000, 0);
insert into status_sobe(id, soba_id, datum, zauzeto, cena, popust) values (18, 1123, '2019-01-18', 0, 2000, 0);
insert into status_sobe(id, soba_id, datum, zauzeto, cena, popust) values (19, 1123, '2019-01-19', 0, 2000, 0);
insert into status_sobe(id, soba_id, datum, zauzeto, cena, popust) values (20, 1123, '2019-01-20', 0, 2000, 0);
insert into status_sobe(id, soba_id, datum, zauzeto, cena, popust) values (21, 1123, '2019-01-21', 0, 2000, 0);
insert into status_sobe(id, soba_id, datum, zauzeto, cena, popust) values (22, 1123, '2019-01-22', 0, 2000, 0);
insert into status_sobe(id, soba_id, datum, zauzeto, cena, popust) values (23, 1123, '2019-01-23', 0, 2000, 0);
insert into status_sobe(id, soba_id, datum, zauzeto, cena, popust) values (24, 1123, '2019-01-24', 0, 2000, 0);
insert into status_sobe(id, soba_id, datum, zauzeto, cena, popust) values (25, 1123, '2019-01-25', 0, 2000, 0);
insert into status_sobe(id, soba_id, datum, zauzeto, cena, popust) values (26, 1123, '2019-01-26', 0, 2000, 0);
insert into status_sobe(id, soba_id, datum, zauzeto, cena, popust) values (27, 1123, '2019-01-27', 0, 2000, 0);
insert into status_sobe(id, soba_id, datum, zauzeto, cena, popust) values (28, 1123, '2019-01-28', 0, 2000, 0);
insert into status_sobe(id, soba_id, datum, zauzeto, cena, popust) values (29, 1123, '2019-01-29', 0, 2000, 0);
insert into status_sobe(id, soba_id, datum, zauzeto, cena, popust) values (30, 1123, '2019-01-30', 0, 2000, 0);
insert into status_sobe(id, soba_id, datum, zauzeto, cena, popust) values (31, 1123, '2019-01-31', 0, 2000, 0);
insert into status_sobe(id, soba_id, datum, zauzeto, cena, popust) values (33, 1123, '2019-02-01', 0, 2000, 0);
insert into status_sobe(id, soba_id, datum, zauzeto, cena, popust) values (34, 1123, '2019-02-02', 0, 2000, 0);
insert into status_sobe(id, soba_id, datum, zauzeto, cena, popust) values (35, 1123, '2019-02-03', 0, 2000, 0);
insert into status_sobe(id, soba_id, datum, zauzeto, cena, popust) values (36, 1123, '2019-02-04', 0, 2000, 0);
insert into status_sobe(id, soba_id, datum, zauzeto, cena, popust) values (37, 1123, '2019-02-05', 0, 2000, 0);
insert into status_sobe(id, soba_id, datum, zauzeto, cena, popust) values (38, 1123, '2019-02-06', 0, 2000, 0);
insert into status_sobe(id, soba_id, datum, zauzeto, cena, popust) values (39, 1123, '2019-02-07', 0, 2000, 0);
insert into status_sobe(id, soba_id, datum, zauzeto, cena, popust) values (40, 1123, '2019-02-08', 0, 2000, 0);
insert into status_sobe(id, soba_id, datum, zauzeto, cena, popust) values (41, 1123, '2019-02-09', 0, 2000, 0);
insert into status_sobe(id, soba_id, datum, zauzeto, cena, popust) values (42, 1123, '2019-02-10', 0, 2000, 0);
insert into status_sobe(id, soba_id, datum, zauzeto, cena, popust) values (43, 1123, '2019-02-11', 0, 2000, 0);
insert into status_sobe(id, soba_id, datum, zauzeto, cena, popust) values (44, 1123, '2019-02-12', 0, 2000, 0);
insert into status_sobe(id, soba_id, datum, zauzeto, cena, popust) values (45, 1123, '2019-02-13', 0, 2000, 0);
insert into status_sobe(id, soba_id, datum, zauzeto, cena, popust) values (46, 1123, '2019-02-14', 0, 2000, 0);
insert into status_sobe(id, soba_id, datum, zauzeto, cena, popust) values (47, 1123, '2019-02-15', 0, 2000, 0);
insert into status_sobe(id, soba_id, datum, zauzeto, cena, popust) values (48, 1123, '2019-02-16', 0, 2000, 0);
insert into status_sobe(id, soba_id, datum, zauzeto, cena, popust) values (49, 1123, '2019-02-17', 0, 2000, 0);
insert into status_sobe(id, soba_id, datum, zauzeto, cena, popust) values (50, 1123, '2019-02-18', 0, 2000, 0);
insert into status_sobe(id, soba_id, datum, zauzeto, cena, popust) values (51, 1123, '2019-02-19', 0, 2000, 0);
insert into status_sobe(id, soba_id, datum, zauzeto, cena, popust) values (52, 1123, '2019-02-20', 0, 2000, 0);
insert into status_sobe(id, soba_id, datum, zauzeto, cena, popust) values (53, 1123, '2019-02-21', 0, 2000, 0);
insert into status_sobe(id, soba_id, datum, zauzeto, cena, popust) values (54, 1123, '2019-02-22', 0, 2000, 0);
insert into status_sobe(id, soba_id, datum, zauzeto, cena, popust) values (55, 1123, '2019-02-23', 0, 2000, 0);
insert into status_sobe(id, soba_id, datum, zauzeto, cena, popust) values (56, 1123, '2019-02-24', 0, 2000, 0);
insert into status_sobe(id, soba_id, datum, zauzeto, cena, popust) values (57, 1123, '2019-02-25', 0, 2000, 0);
insert into status_sobe(id, soba_id, datum, zauzeto, cena, popust) values (58, 1123, '2019-02-26', 0, 2000, 0);
insert into status_sobe(id, soba_id, datum, zauzeto, cena, popust) values (59, 1123, '2019-02-27', 0, 2000, 0);
insert into status_sobe(id, soba_id, datum, zauzeto, cena, popust) values (60, 1123, '2019-02-28', 0, 2000, 0);
insert into status_sobe(id, soba_id, datum, zauzeto, cena, popust) values (65, 1123, '2019-03-01', 0, 2000, 0);
insert into status_sobe(id, soba_id, datum, zauzeto, cena, popust) values (66, 1123, '2019-03-02', 0, 2000, 0);
insert into status_sobe(id, soba_id, datum, zauzeto, cena, popust) values (67, 1123, '2019-03-03', 0, 2000, 0);
insert into status_sobe(id, soba_id, datum, zauzeto, cena, popust) values (68, 1123, '2019-03-04', 0, 2000, 0);
insert into status_sobe(id, soba_id, datum, zauzeto, cena, popust) values (69, 1123, '2019-03-05', 0, 2000, 0);
insert into status_sobe(id, soba_id, datum, zauzeto, cena, popust) values (70, 1123, '2019-03-06', 0, 2000, 0);
insert into status_sobe(id, soba_id, datum, zauzeto, cena, popust) values (71, 1123, '2019-03-07', 0, 2000, 0);
insert into status_sobe(id, soba_id, datum, zauzeto, cena, popust) values (72, 1123, '2019-03-08', 0, 2000, 0);
insert into status_sobe(id, soba_id, datum, zauzeto, cena, popust) values (73, 1123, '2019-03-09', 0, 2000, 0);
insert into status_sobe(id, soba_id, datum, zauzeto, cena, popust) values (74, 1123, '2019-03-10', 0, 2000, 0);
insert into status_sobe(id, soba_id, datum, zauzeto, cena, popust) values (75, 1123, '2019-03-11', 0, 2000, 0);
insert into status_sobe(id, soba_id, datum, zauzeto, cena, popust) values (76, 1123, '2019-03-12', 0, 2000, 0);
insert into status_sobe(id, soba_id, datum, zauzeto, cena, popust) values (77, 1123, '2019-03-13', 0, 2000, 0);
insert into status_sobe(id, soba_id, datum, zauzeto, cena, popust) values (78, 1123, '2019-03-14', 0, 2000, 0);
insert into status_sobe(id, soba_id, datum, zauzeto, cena, popust) values (79, 1123, '2019-03-15', 0, 2000, 0);
insert into status_sobe(id, soba_id, datum, zauzeto, cena, popust) values (80, 1123, '2019-03-16', 0, 2000, 0);
insert into status_sobe(id, soba_id, datum, zauzeto, cena, popust) values (81, 1123, '2019-03-17', 0, 2000, 0);
insert into status_sobe(id, soba_id, datum, zauzeto, cena, popust) values (82, 1123, '2019-03-18', 0, 2000, 0);
insert into status_sobe(id, soba_id, datum, zauzeto, cena, popust) values (83, 1123, '2019-03-19', 0, 2000, 0);
insert into status_sobe(id, soba_id, datum, zauzeto, cena, popust) values (84, 1123, '2019-03-20', 0, 2000, 0);
insert into status_sobe(id, soba_id, datum, zauzeto, cena, popust) values (85, 1123, '2019-03-21', 0, 2000, 0);
insert into status_sobe(id, soba_id, datum, zauzeto, cena, popust) values (86, 1123, '2019-03-22', 0, 2000, 0);
insert into status_sobe(id, soba_id, datum, zauzeto, cena, popust) values (87, 1123, '2019-03-23', 0, 2000, 0);
insert into status_sobe(id, soba_id, datum, zauzeto, cena, popust) values (88, 1123, '2019-03-24', 0, 2000, 0);
insert into status_sobe(id, soba_id, datum, zauzeto, cena, popust) values (89, 1123, '2019-03-25', 0, 2000, 0);
insert into status_sobe(id, soba_id, datum, zauzeto, cena, popust) values (90, 1123, '2019-03-26', 0, 2000, 0);
insert into status_sobe(id, soba_id, datum, zauzeto, cena, popust) values (91, 1123, '2019-03-27', 0, 2000, 0);
insert into status_sobe(id, soba_id, datum, zauzeto, cena, popust) values (92, 1123, '2019-03-28', 0, 2000, 0);
insert into status_sobe(id, soba_id, datum, zauzeto, cena, popust) values (93, 1123, '2019-03-29', 0, 2000, 0);
insert into status_sobe(id, soba_id, datum, zauzeto, cena, popust) values (94, 1123, '2019-03-30', 0, 2000, 0);
insert into status_sobe(id, soba_id, datum, zauzeto, cena, popust) values (95, 1123, '2019-03-31', 0, 2000, 0);
insert into status_sobe(id, soba_id, datum, zauzeto, cena, popust) values (97, 1123, '2019-04-01', 0, 2000, 0);
insert into status_sobe(id, soba_id, datum, zauzeto, cena, popust) values (98, 1123, '2019-04-02', 0, 2000, 0);
insert into status_sobe(id, soba_id, datum, zauzeto, cena, popust) values (99, 1123, '2019-04-03', 0, 2000, 0);
insert into status_sobe(id, soba_id, datum, zauzeto, cena, popust) values (100, 1123, '2019-04-04', 0, 2000, 0);
insert into status_sobe(id, soba_id, datum, zauzeto, cena, popust) values (101, 1123, '2019-04-05', 0, 2000, 0);
insert into status_sobe(id, soba_id, datum, zauzeto, cena, popust) values (102, 1123, '2019-04-06', 0, 2000, 0);
insert into status_sobe(id, soba_id, datum, zauzeto, cena, popust) values (103, 1123, '2019-04-07', 0, 2000, 0);
insert into status_sobe(id, soba_id, datum, zauzeto, cena, popust) values (104, 1123, '2019-04-08', 0, 2000, 0);
insert into status_sobe(id, soba_id, datum, zauzeto, cena, popust) values (105, 1123, '2019-04-09', 0, 2000, 0);
insert into status_sobe(id, soba_id, datum, zauzeto, cena, popust) values (106, 1123, '2019-04-10', 0, 2000, 0);
insert into status_sobe(id, soba_id, datum, zauzeto, cena, popust) values (107, 1123, '2019-04-11', 0, 2000, 0);
insert into status_sobe(id, soba_id, datum, zauzeto, cena, popust) values (108, 1123, '2019-04-12', 0, 2000, 0);
insert into status_sobe(id, soba_id, datum, zauzeto, cena, popust) values (109, 1123, '2019-04-13', 0, 2000, 0);
insert into status_sobe(id, soba_id, datum, zauzeto, cena, popust) values (110, 1123, '2019-04-14', 0, 2000, 0);
insert into status_sobe(id, soba_id, datum, zauzeto, cena, popust) values (111, 1123, '2019-04-15', 0, 2000, 0);
insert into status_sobe(id, soba_id, datum, zauzeto, cena, popust) values (112, 1123, '2019-04-16', 0, 2000, 0);
insert into status_sobe(id, soba_id, datum, zauzeto, cena, popust) values (113, 1123, '2019-04-17', 0, 2000, 0);
insert into status_sobe(id, soba_id, datum, zauzeto, cena, popust) values (114, 1123, '2019-04-18', 0, 2000, 0);
insert into status_sobe(id, soba_id, datum, zauzeto, cena, popust) values (115, 1123, '2019-04-19', 0, 2000, 0);
insert into status_sobe(id, soba_id, datum, zauzeto, cena, popust) values (116, 1123, '2019-04-20', 0, 2000, 0);
insert into status_sobe(id, soba_id, datum, zauzeto, cena, popust) values (117, 1123, '2019-04-21', 0, 2000, 0);
insert into status_sobe(id, soba_id, datum, zauzeto, cena, popust) values (118, 1123, '2019-04-22', 0, 2000, 0);
insert into status_sobe(id, soba_id, datum, zauzeto, cena, popust) values (119, 1123, '2019-04-23', 0, 2000, 0);
insert into status_sobe(id, soba_id, datum, zauzeto, cena, popust) values (120, 1123, '2019-04-24', 0, 2000, 0);
insert into status_sobe(id, soba_id, datum, zauzeto, cena, popust) values (121, 1123, '2019-04-25', 0, 2000, 0);
insert into status_sobe(id, soba_id, datum, zauzeto, cena, popust) values (122, 1123, '2019-04-26', 0, 2000, 0);
insert into status_sobe(id, soba_id, datum, zauzeto, cena, popust) values (123, 1123, '2019-04-27', 0, 2000, 0);
insert into status_sobe(id, soba_id, datum, zauzeto, cena, popust) values (124, 1123, '2019-04-28', 0, 2000, 0);
insert into status_sobe(id, soba_id, datum, zauzeto, cena, popust) values (125, 1123, '2019-04-29', 0, 2000, 0);
insert into status_sobe(id, soba_id, datum, zauzeto, cena, popust) values (126, 1123, '2019-04-30', 0, 2000, 0);
insert into status_sobe(id, soba_id, datum, zauzeto, cena, popust) values (129, 1123, '2019-05-01', 0, 2000, 0);
insert into status_sobe(id, soba_id, datum, zauzeto, cena, popust) values (130, 1123, '2019-05-02', 0, 2000, 0);
insert into status_sobe(id, soba_id, datum, zauzeto, cena, popust) values (131, 1123, '2019-05-03', 0, 2000, 0);
insert into status_sobe(id, soba_id, datum, zauzeto, cena, popust) values (132, 1123, '2019-05-04', 0, 2000, 0);
insert into status_sobe(id, soba_id, datum, zauzeto, cena, popust) values (133, 1123, '2019-05-05', 0, 2000, 0);
insert into status_sobe(id, soba_id, datum, zauzeto, cena, popust) values (134, 1123, '2019-05-06', 0, 2000, 0);
insert into status_sobe(id, soba_id, datum, zauzeto, cena, popust) values (135, 1123, '2019-05-07', 0, 2000, 0);
insert into status_sobe(id, soba_id, datum, zauzeto, cena, popust) values (136, 1123, '2019-05-08', 0, 2000, 0);
insert into status_sobe(id, soba_id, datum, zauzeto, cena, popust) values (137, 1123, '2019-05-09', 0, 2000, 0);
insert into status_sobe(id, soba_id, datum, zauzeto, cena, popust) values (138, 1123, '2019-05-10', 0, 2000, 0);
insert into status_sobe(id, soba_id, datum, zauzeto, cena, popust) values (139, 1123, '2019-05-11', 0, 2000, 0);
insert into status_sobe(id, soba_id, datum, zauzeto, cena, popust) values (140, 1123, '2019-05-12', 0, 2000, 0);
insert into status_sobe(id, soba_id, datum, zauzeto, cena, popust) values (141, 1123, '2019-05-13', 0, 2000, 0);
insert into status_sobe(id, soba_id, datum, zauzeto, cena, popust) values (142, 1123, '2019-05-14', 0, 2000, 0);
insert into status_sobe(id, soba_id, datum, zauzeto, cena, popust) values (143, 1123, '2019-05-15', 0, 2000, 0);
insert into status_sobe(id, soba_id, datum, zauzeto, cena, popust) values (144, 1123, '2019-05-16', 0, 2000, 0);
insert into status_sobe(id, soba_id, datum, zauzeto, cena, popust) values (145, 1123, '2019-05-17', 0, 2000, 0);
insert into status_sobe(id, soba_id, datum, zauzeto, cena, popust) values (146, 1123, '2019-05-18', 0, 2000, 0);
insert into status_sobe(id, soba_id, datum, zauzeto, cena, popust) values (147, 1123, '2019-05-19', 0, 2000, 0);
insert into status_sobe(id, soba_id, datum, zauzeto, cena, popust) values (148, 1123, '2019-05-20', 0, 2000, 0);
insert into status_sobe(id, soba_id, datum, zauzeto, cena, popust) values (149, 1123, '2019-05-21', 0, 2000, 0);
insert into status_sobe(id, soba_id, datum, zauzeto, cena, popust) values (150, 1123, '2019-05-22', 0, 2000, 0);
insert into status_sobe(id, soba_id, datum, zauzeto, cena, popust) values (151, 1123, '2019-05-23', 0, 2000, 0);
insert into status_sobe(id, soba_id, datum, zauzeto, cena, popust) values (152, 1123, '2019-05-24', 0, 2000, 0);
insert into status_sobe(id, soba_id, datum, zauzeto, cena, popust) values (153, 1123, '2019-05-25', 0, 2000, 0);
insert into status_sobe(id, soba_id, datum, zauzeto, cena, popust) values (154, 1123, '2019-05-26', 0, 2000, 0);
insert into status_sobe(id, soba_id, datum, zauzeto, cena, popust) values (155, 1123, '2019-05-27', 0, 2000, 0);
insert into status_sobe(id, soba_id, datum, zauzeto, cena, popust) values (156, 1123, '2019-05-28', 0, 2000, 0);
insert into status_sobe(id, soba_id, datum, zauzeto, cena, popust) values (157, 1123, '2019-05-29', 0, 2000, 0);
insert into status_sobe(id, soba_id, datum, zauzeto, cena, popust) values (158, 1123, '2019-05-30', 0, 2000, 0);
insert into status_sobe(id, soba_id, datum, zauzeto, cena, popust) values (159, 1123, '2019-05-31', 0, 2000, 0);
insert into status_sobe(id, soba_id, datum, zauzeto, cena, popust) values (161, 1123, '2019-06-01', 0, 2000, 0);
insert into status_sobe(id, soba_id, datum, zauzeto, cena, popust) values (162, 1123, '2019-06-02', 0, 2000, 0);
insert into status_sobe(id, soba_id, datum, zauzeto, cena, popust) values (163, 1123, '2019-06-03', 0, 2000, 0);
insert into status_sobe(id, soba_id, datum, zauzeto, cena, popust) values (164, 1123, '2019-06-04', 0, 2000, 0);
insert into status_sobe(id, soba_id, datum, zauzeto, cena, popust) values (165, 1123, '2019-06-05', 0, 2000, 0);
insert into status_sobe(id, soba_id, datum, zauzeto, cena, popust) values (166, 1123, '2019-06-06', 0, 2000, 0);
insert into status_sobe(id, soba_id, datum, zauzeto, cena, popust) values (167, 1123, '2019-06-07', 0, 2000, 0);
insert into status_sobe(id, soba_id, datum, zauzeto, cena, popust) values (168, 1123, '2019-06-08', 0, 2000, 0);
insert into status_sobe(id, soba_id, datum, zauzeto, cena, popust) values (169, 1123, '2019-06-09', 0, 2000, 0);
insert into status_sobe(id, soba_id, datum, zauzeto, cena, popust) values (170, 1123, '2019-06-10', 0, 2000, 0);
insert into status_sobe(id, soba_id, datum, zauzeto, cena, popust) values (171, 1123, '2019-06-11', 0, 2000, 0);
insert into status_sobe(id, soba_id, datum, zauzeto, cena, popust) values (172, 1123, '2019-06-12', 0, 2000, 0);
insert into status_sobe(id, soba_id, datum, zauzeto, cena, popust) values (173, 1123, '2019-06-13', 0, 2000, 0);
insert into status_sobe(id, soba_id, datum, zauzeto, cena, popust) values (174, 1123, '2019-06-14', 0, 2000, 0);
insert into status_sobe(id, soba_id, datum, zauzeto, cena, popust) values (175, 1123, '2019-06-15', 0, 2000, 0);
insert into status_sobe(id, soba_id, datum, zauzeto, cena, popust) values (176, 1123, '2019-06-16', 0, 2000, 0);
insert into status_sobe(id, soba_id, datum, zauzeto, cena, popust) values (177, 1123, '2019-06-17', 0, 2000, 0);
insert into status_sobe(id, soba_id, datum, zauzeto, cena, popust) values (178, 1123, '2019-06-18', 0, 2000, 0);
insert into status_sobe(id, soba_id, datum, zauzeto, cena, popust) values (179, 1123, '2019-06-19', 0, 2000, 0);
insert into status_sobe(id, soba_id, datum, zauzeto, cena, popust) values (180, 1123, '2019-06-20', 0, 2000, 0);
insert into status_sobe(id, soba_id, datum, zauzeto, cena, popust) values (181, 1123, '2019-06-21', 0, 2000, 0);
insert into status_sobe(id, soba_id, datum, zauzeto, cena, popust) values (182, 1123, '2019-06-22', 0, 2000, 0);
insert into status_sobe(id, soba_id, datum, zauzeto, cena, popust) values (183, 1123, '2019-06-23', 0, 2000, 0);
insert into status_sobe(id, soba_id, datum, zauzeto, cena, popust) values (184, 1123, '2019-06-24', 0, 2000, 0);
insert into status_sobe(id, soba_id, datum, zauzeto, cena, popust) values (185, 1123, '2019-06-25', 0, 2000, 0);
insert into status_sobe(id, soba_id, datum, zauzeto, cena, popust) values (186, 1123, '2019-06-26', 0, 2000, 0);
insert into status_sobe(id, soba_id, datum, zauzeto, cena, popust) values (187, 1123, '2019-06-27', 0, 2000, 0);
insert into status_sobe(id, soba_id, datum, zauzeto, cena, popust) values (188, 1123, '2019-06-28', 0, 2000, 0);
insert into status_sobe(id, soba_id, datum, zauzeto, cena, popust) values (189, 1123, '2019-06-29', 0, 2000, 0);
insert into status_sobe(id, soba_id, datum, zauzeto, cena, popust) values (190, 1123, '2019-06-30', 0, 2000, 0);
insert into status_sobe(id, soba_id, datum, zauzeto, cena, popust) values (193, 1123, '2019-07-01', 0, 2000, 0);
insert into status_sobe(id, soba_id, datum, zauzeto, cena, popust) values (194, 1123, '2019-07-02', 0, 2000, 0);
insert into status_sobe(id, soba_id, datum, zauzeto, cena, popust) values (195, 1123, '2019-07-03', 0, 2000, 0);
insert into status_sobe(id, soba_id, datum, zauzeto, cena, popust) values (196, 1123, '2019-07-04', 0, 2000, 0);
insert into status_sobe(id, soba_id, datum, zauzeto, cena, popust) values (197, 1123, '2019-07-05', 0, 2000, 0);
insert into status_sobe(id, soba_id, datum, zauzeto, cena, popust) values (198, 1123, '2019-07-06', 0, 2000, 0);
insert into status_sobe(id, soba_id, datum, zauzeto, cena, popust) values (199, 1123, '2019-07-07', 0, 2000, 0);
insert into status_sobe(id, soba_id, datum, zauzeto, cena, popust) values (200, 1123, '2019-07-08', 0, 2000, 0);
insert into status_sobe(id, soba_id, datum, zauzeto, cena, popust) values (201, 1123, '2019-07-09', 0, 2000, 0);
insert into status_sobe(id, soba_id, datum, zauzeto, cena, popust) values (202, 1123, '2019-07-10', 0, 2000, 0);
insert into status_sobe(id, soba_id, datum, zauzeto, cena, popust) values (203, 1123, '2019-07-11', 0, 2000, 0);
insert into status_sobe(id, soba_id, datum, zauzeto, cena, popust) values (204, 1123, '2019-07-12', 0, 2000, 0);
insert into status_sobe(id, soba_id, datum, zauzeto, cena, popust) values (205, 1123, '2019-07-13', 0, 2000, 0);
insert into status_sobe(id, soba_id, datum, zauzeto, cena, popust) values (206, 1123, '2019-07-14', 0, 2000, 0);
insert into status_sobe(id, soba_id, datum, zauzeto, cena, popust) values (207, 1123, '2019-07-15', 0, 2000, 0);
insert into status_sobe(id, soba_id, datum, zauzeto, cena, popust) values (208, 1123, '2019-07-16', 0, 2000, 0);
insert into status_sobe(id, soba_id, datum, zauzeto, cena, popust) values (209, 1123, '2019-07-17', 0, 2000, 0);
insert into status_sobe(id, soba_id, datum, zauzeto, cena, popust) values (210, 1123, '2019-07-18', 0, 2000, 0);
insert into status_sobe(id, soba_id, datum, zauzeto, cena, popust) values (211, 1123, '2019-07-19', 0, 2000, 0);
insert into status_sobe(id, soba_id, datum, zauzeto, cena, popust) values (212, 1123, '2019-07-20', 0, 2000, 0);
insert into status_sobe(id, soba_id, datum, zauzeto, cena, popust) values (213, 1123, '2019-07-21', 0, 2000, 0);
insert into status_sobe(id, soba_id, datum, zauzeto, cena, popust) values (214, 1123, '2019-07-22', 0, 2000, 0);
insert into status_sobe(id, soba_id, datum, zauzeto, cena, popust) values (215, 1123, '2019-07-23', 0, 2000, 0);
insert into status_sobe(id, soba_id, datum, zauzeto, cena, popust) values (216, 1123, '2019-07-24', 0, 2000, 0);
insert into status_sobe(id, soba_id, datum, zauzeto, cena, popust) values (217, 1123, '2019-07-25', 0, 2000, 0);
insert into status_sobe(id, soba_id, datum, zauzeto, cena, popust) values (218, 1123, '2019-07-26', 0, 2000, 0);
insert into status_sobe(id, soba_id, datum, zauzeto, cena, popust) values (219, 1123, '2019-07-27', 0, 2000, 0);
insert into status_sobe(id, soba_id, datum, zauzeto, cena, popust) values (220, 1123, '2019-07-28', 0, 2000, 0);
insert into status_sobe(id, soba_id, datum, zauzeto, cena, popust) values (221, 1123, '2019-07-29', 0, 2000, 0);
insert into status_sobe(id, soba_id, datum, zauzeto, cena, popust) values (222, 1123, '2019-07-30', 0, 2000, 0);
insert into status_sobe(id, soba_id, datum, zauzeto, cena, popust) values (223, 1123, '2019-07-31', 0, 2000, 0);
insert into status_sobe(id, soba_id, datum, zauzeto, cena, popust) values (225, 1123, '2019-08-01', 0, 2000, 0);
insert into status_sobe(id, soba_id, datum, zauzeto, cena, popust) values (226, 1123, '2019-08-02', 0, 2000, 0);
insert into status_sobe(id, soba_id, datum, zauzeto, cena, popust) values (227, 1123, '2019-08-03', 0, 2000, 0);
insert into status_sobe(id, soba_id, datum, zauzeto, cena, popust) values (228, 1123, '2019-08-04', 0, 2000, 0);
insert into status_sobe(id, soba_id, datum, zauzeto, cena, popust) values (229, 1123, '2019-08-05', 0, 2000, 0);
insert into status_sobe(id, soba_id, datum, zauzeto, cena, popust) values (230, 1123, '2019-08-06', 0, 2000, 0);
insert into status_sobe(id, soba_id, datum, zauzeto, cena, popust) values (231, 1123, '2019-08-07', 0, 2000, 0);
insert into status_sobe(id, soba_id, datum, zauzeto, cena, popust) values (232, 1123, '2019-08-08', 0, 2000, 0);
insert into status_sobe(id, soba_id, datum, zauzeto, cena, popust) values (233, 1123, '2019-08-09', 0, 2000, 0);
insert into status_sobe(id, soba_id, datum, zauzeto, cena, popust) values (234, 1123, '2019-08-10', 0, 2000, 0);
insert into status_sobe(id, soba_id, datum, zauzeto, cena, popust) values (235, 1123, '2019-08-11', 0, 2000, 0);
insert into status_sobe(id, soba_id, datum, zauzeto, cena, popust) values (236, 1123, '2019-08-12', 0, 2000, 0);
insert into status_sobe(id, soba_id, datum, zauzeto, cena, popust) values (237, 1123, '2019-08-13', 0, 2000, 0);
insert into status_sobe(id, soba_id, datum, zauzeto, cena, popust) values (238, 1123, '2019-08-14', 0, 2000, 0);
insert into status_sobe(id, soba_id, datum, zauzeto, cena, popust) values (239, 1123, '2019-08-15', 0, 2000, 0);
insert into status_sobe(id, soba_id, datum, zauzeto, cena, popust) values (240, 1123, '2019-08-16', 0, 2000, 0);
insert into status_sobe(id, soba_id, datum, zauzeto, cena, popust) values (241, 1123, '2019-08-17', 0, 2000, 0);
insert into status_sobe(id, soba_id, datum, zauzeto, cena, popust) values (242, 1123, '2019-08-18', 0, 2000, 0);
insert into status_sobe(id, soba_id, datum, zauzeto, cena, popust) values (243, 1123, '2019-08-19', 0, 2000, 0);
insert into status_sobe(id, soba_id, datum, zauzeto, cena, popust) values (244, 1123, '2019-08-20', 0, 2000, 0);
insert into status_sobe(id, soba_id, datum, zauzeto, cena, popust) values (245, 1123, '2019-08-21', 0, 2000, 0);
insert into status_sobe(id, soba_id, datum, zauzeto, cena, popust) values (246, 1123, '2019-08-22', 0, 2000, 0);
insert into status_sobe(id, soba_id, datum, zauzeto, cena, popust) values (247, 1123, '2019-08-23', 0, 2000, 0);
insert into status_sobe(id, soba_id, datum, zauzeto, cena, popust) values (248, 1123, '2019-08-24', 0, 2000, 0);
insert into status_sobe(id, soba_id, datum, zauzeto, cena, popust) values (249, 1123, '2019-08-25', 0, 2000, 0);
insert into status_sobe(id, soba_id, datum, zauzeto, cena, popust) values (250, 1123, '2019-08-26', 0, 2000, 0);
insert into status_sobe(id, soba_id, datum, zauzeto, cena, popust) values (251, 1123, '2019-08-27', 0, 2000, 0);
insert into status_sobe(id, soba_id, datum, zauzeto, cena, popust) values (252, 1123, '2019-08-28', 0, 2000, 0);
insert into status_sobe(id, soba_id, datum, zauzeto, cena, popust) values (253, 1123, '2019-08-29', 0, 2000, 0);
insert into status_sobe(id, soba_id, datum, zauzeto, cena, popust) values (254, 1123, '2019-08-30', 0, 2000, 0);
insert into status_sobe(id, soba_id, datum, zauzeto, cena, popust) values (255, 1123, '2019-08-31', 0, 2000, 0);
insert into status_sobe(id, soba_id, datum, zauzeto, cena, popust) values (257, 1123, '2019-09-01', 0, 2000, 0);
insert into status_sobe(id, soba_id, datum, zauzeto, cena, popust) values (258, 1123, '2019-09-02', 0, 2000, 0);
insert into status_sobe(id, soba_id, datum, zauzeto, cena, popust) values (259, 1123, '2019-09-03', 0, 2000, 0);
insert into status_sobe(id, soba_id, datum, zauzeto, cena, popust) values (260, 1123, '2019-09-04', 0, 2000, 0);
insert into status_sobe(id, soba_id, datum, zauzeto, cena, popust) values (261, 1123, '2019-09-05', 0, 2000, 0);
insert into status_sobe(id, soba_id, datum, zauzeto, cena, popust) values (262, 1123, '2019-09-06', 0, 2000, 0);
insert into status_sobe(id, soba_id, datum, zauzeto, cena, popust) values (263, 1123, '2019-09-07', 0, 2000, 0);
insert into status_sobe(id, soba_id, datum, zauzeto, cena, popust) values (264, 1123, '2019-09-08', 0, 2000, 0);
insert into status_sobe(id, soba_id, datum, zauzeto, cena, popust) values (265, 1123, '2019-09-09', 0, 2000, 0);
insert into status_sobe(id, soba_id, datum, zauzeto, cena, popust) values (266, 1123, '2019-09-10', 0, 2000, 0);
insert into status_sobe(id, soba_id, datum, zauzeto, cena, popust) values (267, 1123, '2019-09-11', 0, 2000, 0);
insert into status_sobe(id, soba_id, datum, zauzeto, cena, popust) values (268, 1123, '2019-09-12', 0, 2000, 0);
insert into status_sobe(id, soba_id, datum, zauzeto, cena, popust) values (269, 1123, '2019-09-13', 0, 2000, 0);
insert into status_sobe(id, soba_id, datum, zauzeto, cena, popust) values (270, 1123, '2019-09-14', 0, 2000, 0);
insert into status_sobe(id, soba_id, datum, zauzeto, cena, popust) values (271, 1123, '2019-09-15', 0, 2000, 0);
insert into status_sobe(id, soba_id, datum, zauzeto, cena, popust) values (272, 1123, '2019-09-16', 0, 2000, 0);
insert into status_sobe(id, soba_id, datum, zauzeto, cena, popust) values (273, 1123, '2019-09-17', 0, 2000, 0);
insert into status_sobe(id, soba_id, datum, zauzeto, cena, popust) values (274, 1123, '2019-09-18', 0, 2000, 0);
insert into status_sobe(id, soba_id, datum, zauzeto, cena, popust) values (275, 1123, '2019-09-19', 0, 2000, 0);
insert into status_sobe(id, soba_id, datum, zauzeto, cena, popust) values (276, 1123, '2019-09-20', 0, 2000, 0);
insert into status_sobe(id, soba_id, datum, zauzeto, cena, popust) values (277, 1123, '2019-09-21', 0, 2000, 0);
insert into status_sobe(id, soba_id, datum, zauzeto, cena, popust) values (278, 1123, '2019-09-22', 0, 2000, 0);
insert into status_sobe(id, soba_id, datum, zauzeto, cena, popust) values (279, 1123, '2019-09-23', 0, 2000, 0);
insert into status_sobe(id, soba_id, datum, zauzeto, cena, popust) values (280, 1123, '2019-09-24', 0, 2000, 0);
insert into status_sobe(id, soba_id, datum, zauzeto, cena, popust) values (281, 1123, '2019-09-25', 0, 2000, 0);
insert into status_sobe(id, soba_id, datum, zauzeto, cena, popust) values (282, 1123, '2019-09-26', 0, 2000, 0);
insert into status_sobe(id, soba_id, datum, zauzeto, cena, popust) values (283, 1123, '2019-09-27', 0, 2000, 0);
insert into status_sobe(id, soba_id, datum, zauzeto, cena, popust) values (284, 1123, '2019-09-28', 0, 2000, 0);
insert into status_sobe(id, soba_id, datum, zauzeto, cena, popust) values (285, 1123, '2019-09-29', 0, 2000, 0);
insert into status_sobe(id, soba_id, datum, zauzeto, cena, popust) values (286, 1123, '2019-09-30', 0, 2000, 0);
insert into status_sobe(id, soba_id, datum, zauzeto, cena, popust) values (321, 1123, '2019-10-01', 0, 2000, 0);
insert into status_sobe(id, soba_id, datum, zauzeto, cena, popust) values (322, 1123, '2019-10-02', 0, 2000, 0);
insert into status_sobe(id, soba_id, datum, zauzeto, cena, popust) values (323, 1123, '2019-10-03', 0, 2000, 0);
insert into status_sobe(id, soba_id, datum, zauzeto, cena, popust) values (324, 1123, '2019-10-04', 0, 2000, 0);
insert into status_sobe(id, soba_id, datum, zauzeto, cena, popust) values (325, 1123, '2019-10-05', 0, 2000, 0);
insert into status_sobe(id, soba_id, datum, zauzeto, cena, popust) values (326, 1123, '2019-10-06', 0, 2000, 0);
insert into status_sobe(id, soba_id, datum, zauzeto, cena, popust) values (327, 1123, '2019-10-07', 0, 2000, 0);
insert into status_sobe(id, soba_id, datum, zauzeto, cena, popust) values (328, 1123, '2019-10-08', 0, 2000, 0);
insert into status_sobe(id, soba_id, datum, zauzeto, cena, popust) values (329, 1123, '2019-10-09', 0, 2000, 0);
insert into status_sobe(id, soba_id, datum, zauzeto, cena, popust) values (330, 1123, '2019-10-10', 0, 2000, 0);
insert into status_sobe(id, soba_id, datum, zauzeto, cena, popust) values (331, 1123, '2019-10-11', 0, 2000, 0);
insert into status_sobe(id, soba_id, datum, zauzeto, cena, popust) values (332, 1123, '2019-10-12', 0, 2000, 0);
insert into status_sobe(id, soba_id, datum, zauzeto, cena, popust) values (333, 1123, '2019-10-13', 0, 2000, 0);
insert into status_sobe(id, soba_id, datum, zauzeto, cena, popust) values (334, 1123, '2019-10-14', 0, 2000, 0);
insert into status_sobe(id, soba_id, datum, zauzeto, cena, popust) values (335, 1123, '2019-10-15', 0, 2000, 0);
insert into status_sobe(id, soba_id, datum, zauzeto, cena, popust) values (336, 1123, '2019-10-16', 0, 2000, 0);
insert into status_sobe(id, soba_id, datum, zauzeto, cena, popust) values (337, 1123, '2019-10-17', 0, 2000, 0);
insert into status_sobe(id, soba_id, datum, zauzeto, cena, popust) values (338, 1123, '2019-10-18', 0, 2000, 0);
insert into status_sobe(id, soba_id, datum, zauzeto, cena, popust) values (339, 1123, '2019-10-19', 0, 2000, 0);
insert into status_sobe(id, soba_id, datum, zauzeto, cena, popust) values (340, 1123, '2019-10-20', 0, 2000, 0);
insert into status_sobe(id, soba_id, datum, zauzeto, cena, popust) values (341, 1123, '2019-10-21', 0, 2000, 0);
insert into status_sobe(id, soba_id, datum, zauzeto, cena, popust) values (342, 1123, '2019-10-22', 0, 2000, 0);
insert into status_sobe(id, soba_id, datum, zauzeto, cena, popust) values (343, 1123, '2019-10-23', 0, 2000, 0);
insert into status_sobe(id, soba_id, datum, zauzeto, cena, popust) values (344, 1123, '2019-10-24', 0, 2000, 0);
insert into status_sobe(id, soba_id, datum, zauzeto, cena, popust) values (345, 1123, '2019-10-25', 0, 2000, 0);
insert into status_sobe(id, soba_id, datum, zauzeto, cena, popust) values (346, 1123, '2019-10-26', 0, 2000, 0);
insert into status_sobe(id, soba_id, datum, zauzeto, cena, popust) values (347, 1123, '2019-10-27', 0, 2000, 0);
insert into status_sobe(id, soba_id, datum, zauzeto, cena, popust) values (348, 1123, '2019-10-28', 0, 2000, 0);
insert into status_sobe(id, soba_id, datum, zauzeto, cena, popust) values (349, 1123, '2019-10-29', 0, 2000, 0);
insert into status_sobe(id, soba_id, datum, zauzeto, cena, popust) values (350, 1123, '2019-10-30', 0, 2000, 0);
insert into status_sobe(id, soba_id, datum, zauzeto, cena, popust) values (351, 1123, '2019-10-31', 0, 2000, 0);
insert into status_sobe(id, soba_id, datum, zauzeto, cena, popust) values (385, 1123, '2019-11-01', 0, 2000, 0);
insert into status_sobe(id, soba_id, datum, zauzeto, cena, popust) values (386, 1123, '2019-11-02', 0, 2000, 0);
insert into status_sobe(id, soba_id, datum, zauzeto, cena, popust) values (387, 1123, '2019-11-03', 0, 2000, 0);
insert into status_sobe(id, soba_id, datum, zauzeto, cena, popust) values (388, 1123, '2019-11-04', 0, 2000, 0);
insert into status_sobe(id, soba_id, datum, zauzeto, cena, popust) values (389, 1123, '2019-11-05', 0, 2000, 0);
insert into status_sobe(id, soba_id, datum, zauzeto, cena, popust) values (390, 1123, '2019-11-06', 0, 2000, 0);
insert into status_sobe(id, soba_id, datum, zauzeto, cena, popust) values (391, 1123, '2019-11-07', 0, 2000, 0);
insert into status_sobe(id, soba_id, datum, zauzeto, cena, popust) values (392, 1123, '2019-11-08', 0, 2000, 0);
insert into status_sobe(id, soba_id, datum, zauzeto, cena, popust) values (393, 1123, '2019-11-09', 0, 2000, 0);
insert into status_sobe(id, soba_id, datum, zauzeto, cena, popust) values (394, 1123, '2019-11-10', 0, 2000, 0);
insert into status_sobe(id, soba_id, datum, zauzeto, cena, popust) values (395, 1123, '2019-11-11', 0, 2000, 0);
insert into status_sobe(id, soba_id, datum, zauzeto, cena, popust) values (396, 1123, '2019-11-12', 0, 2000, 0);
insert into status_sobe(id, soba_id, datum, zauzeto, cena, popust) values (397, 1123, '2019-11-13', 0, 2000, 0);
insert into status_sobe(id, soba_id, datum, zauzeto, cena, popust) values (398, 1123, '2019-11-14', 0, 2000, 0);
insert into status_sobe(id, soba_id, datum, zauzeto, cena, popust) values (399, 1123, '2019-11-15', 0, 2000, 0);
insert into status_sobe(id, soba_id, datum, zauzeto, cena, popust) values (400, 1123, '2019-11-16', 0, 2000, 0);
insert into status_sobe(id, soba_id, datum, zauzeto, cena, popust) values (401, 1123, '2019-11-17', 0, 2000, 0);
insert into status_sobe(id, soba_id, datum, zauzeto, cena, popust) values (402, 1123, '2019-11-18', 0, 2000, 0);
insert into status_sobe(id, soba_id, datum, zauzeto, cena, popust) values (403, 1123, '2019-11-19', 0, 2000, 0);
insert into status_sobe(id, soba_id, datum, zauzeto, cena, popust) values (404, 1123, '2019-11-20', 0, 2000, 0);
insert into status_sobe(id, soba_id, datum, zauzeto, cena, popust) values (405, 1123, '2019-11-21', 0, 2000, 0);
insert into status_sobe(id, soba_id, datum, zauzeto, cena, popust) values (406, 1123, '2019-11-22', 0, 2000, 0);
insert into status_sobe(id, soba_id, datum, zauzeto, cena, popust) values (407, 1123, '2019-11-23', 0, 2000, 0);
insert into status_sobe(id, soba_id, datum, zauzeto, cena, popust) values (408, 1123, '2019-11-24', 0, 2000, 0);
insert into status_sobe(id, soba_id, datum, zauzeto, cena, popust) values (409, 1123, '2019-11-25', 0, 2000, 0);
insert into status_sobe(id, soba_id, datum, zauzeto, cena, popust) values (410, 1123, '2019-11-26', 0, 2000, 0);
insert into status_sobe(id, soba_id, datum, zauzeto, cena, popust) values (411, 1123, '2019-11-27', 0, 2000, 0);
insert into status_sobe(id, soba_id, datum, zauzeto, cena, popust) values (412, 1123, '2019-11-28', 0, 2000, 0);
insert into status_sobe(id, soba_id, datum, zauzeto, cena, popust) values (413, 1123, '2019-11-29', 0, 2000, 0);
insert into status_sobe(id, soba_id, datum, zauzeto, cena, popust) values (414, 1123, '2019-11-30', 0, 2000, 0);
insert into status_sobe(id, soba_id, datum, zauzeto, cena, popust) values (417, 1123, '2019-12-01', 0, 2000, 0);
insert into status_sobe(id, soba_id, datum, zauzeto, cena, popust) values (418, 1123, '2019-12-02', 0, 2000, 0);
insert into status_sobe(id, soba_id, datum, zauzeto, cena, popust) values (419, 1123, '2019-12-03', 0, 2000, 0);
insert into status_sobe(id, soba_id, datum, zauzeto, cena, popust) values (420, 1123, '2019-12-04', 0, 2000, 0);
insert into status_sobe(id, soba_id, datum, zauzeto, cena, popust) values (421, 1123, '2019-12-05', 0, 2000, 0);
insert into status_sobe(id, soba_id, datum, zauzeto, cena, popust) values (422, 1123, '2019-12-06', 0, 2000, 0);
insert into status_sobe(id, soba_id, datum, zauzeto, cena, popust) values (423, 1123, '2019-12-07', 0, 2000, 0);
insert into status_sobe(id, soba_id, datum, zauzeto, cena, popust) values (424, 1123, '2019-12-08', 0, 2000, 0);
insert into status_sobe(id, soba_id, datum, zauzeto, cena, popust) values (425, 1123, '2019-12-09', 0, 2000, 0);
insert into status_sobe(id, soba_id, datum, zauzeto, cena, popust) values (426, 1123, '2019-12-10', 0, 2000, 0);
insert into status_sobe(id, soba_id, datum, zauzeto, cena, popust) values (427, 1123, '2019-12-11', 0, 2000, 0);
insert into status_sobe(id, soba_id, datum, zauzeto, cena, popust) values (428, 1123, '2019-12-12', 0, 2000, 0);
insert into status_sobe(id, soba_id, datum, zauzeto, cena, popust) values (429, 1123, '2019-12-13', 0, 2000, 0);
insert into status_sobe(id, soba_id, datum, zauzeto, cena, popust) values (430, 1123, '2019-12-14', 0, 2000, 0);
insert into status_sobe(id, soba_id, datum, zauzeto, cena, popust) values (431, 1123, '2019-12-15', 0, 2000, 0);
insert into status_sobe(id, soba_id, datum, zauzeto, cena, popust) values (432, 1123, '2019-12-16', 0, 2000, 0);
insert into status_sobe(id, soba_id, datum, zauzeto, cena, popust) values (433, 1123, '2019-12-17', 0, 2000, 0);
insert into status_sobe(id, soba_id, datum, zauzeto, cena, popust) values (434, 1123, '2019-12-18', 0, 2000, 0);
insert into status_sobe(id, soba_id, datum, zauzeto, cena, popust) values (435, 1123, '2019-12-19', 0, 2000, 0);
insert into status_sobe(id, soba_id, datum, zauzeto, cena, popust) values (436, 1123, '2019-12-20', 0, 2000, 0);
insert into status_sobe(id, soba_id, datum, zauzeto, cena, popust) values (437, 1123, '2019-12-21', 0, 2000, 0);
insert into status_sobe(id, soba_id, datum, zauzeto, cena, popust) values (438, 1123, '2019-12-22', 0, 2000, 0);
insert into status_sobe(id, soba_id, datum, zauzeto, cena, popust) values (439, 1123, '2019-12-23', 0, 2000, 0);
insert into status_sobe(id, soba_id, datum, zauzeto, cena, popust) values (440, 1123, '2019-12-24', 0, 2000, 0);
insert into status_sobe(id, soba_id, datum, zauzeto, cena, popust) values (441, 1123, '2019-12-25', 0, 2000, 0);
insert into status_sobe(id, soba_id, datum, zauzeto, cena, popust) values (442, 1123, '2019-12-26', 0, 2000, 0);
insert into status_sobe(id, soba_id, datum, zauzeto, cena, popust) values (443, 1123, '2019-12-27', 0, 2000, 0);
insert into status_sobe(id, soba_id, datum, zauzeto, cena, popust) values (444, 1123, '2019-12-28', 0, 2000, 0);
insert into status_sobe(id, soba_id, datum, zauzeto, cena, popust) values (445, 1123, '2019-12-29', 0, 2000, 0);
insert into status_sobe(id, soba_id, datum, zauzeto, cena, popust) values (446, 1123, '2019-12-30', 0, 2000, 0);
insert into status_sobe(id, soba_id, datum, zauzeto, cena, popust) values (447, 1123, '2019-12-31', 0, 2000, 0);

insert into status_sobe(id, soba_id, datum, zauzeto, cena, popust) values (3201, 1124, '2019-01-01', 0, 2000, 0);
insert into status_sobe(id, soba_id, datum, zauzeto, cena, popust) values (3202, 1124, '2019-01-02', 0, 2000, 0);
insert into status_sobe(id, soba_id, datum, zauzeto, cena, popust) values (3203, 1124, '2019-01-03', 0, 2000, 0);
insert into status_sobe(id, soba_id, datum, zauzeto, cena, popust) values (3204, 1124, '2019-01-04', 0, 2000, 0);
insert into status_sobe(id, soba_id, datum, zauzeto, cena, popust) values (3205, 1124, '2019-01-05', 0, 2000, 0);
insert into status_sobe(id, soba_id, datum, zauzeto, cena, popust) values (3206, 1124, '2019-01-06', 0, 2000, 0);
insert into status_sobe(id, soba_id, datum, zauzeto, cena, popust) values (3207, 1124, '2019-01-07', 0, 2000, 0);
insert into status_sobe(id, soba_id, datum, zauzeto, cena, popust) values (3208, 1124, '2019-01-08', 0, 2000, 0);
insert into status_sobe(id, soba_id, datum, zauzeto, cena, popust) values (3209, 1124, '2019-01-09', 0, 2000, 0);
insert into status_sobe(id, soba_id, datum, zauzeto, cena, popust) values (3210, 1124, '2019-01-10', 0, 2000, 0);
insert into status_sobe(id, soba_id, datum, zauzeto, cena, popust) values (3211, 1124, '2019-01-11', 0, 2000, 0);
insert into status_sobe(id, soba_id, datum, zauzeto, cena, popust) values (3212, 1124, '2019-01-12', 0, 2000, 0);
insert into status_sobe(id, soba_id, datum, zauzeto, cena, popust) values (3213, 1124, '2019-01-13', 0, 2000, 0);
insert into status_sobe(id, soba_id, datum, zauzeto, cena, popust) values (3214, 1124, '2019-01-14', 0, 2000, 0);
insert into status_sobe(id, soba_id, datum, zauzeto, cena, popust) values (3215, 1124, '2019-01-15', 0, 2000, 0);
insert into status_sobe(id, soba_id, datum, zauzeto, cena, popust) values (3216, 1124, '2019-01-16', 0, 2000, 0);
insert into status_sobe(id, soba_id, datum, zauzeto, cena, popust) values (3217, 1124, '2019-01-17', 0, 2000, 0);
insert into status_sobe(id, soba_id, datum, zauzeto, cena, popust) values (3218, 1124, '2019-01-18', 0, 2000, 0);
insert into status_sobe(id, soba_id, datum, zauzeto, cena, popust) values (3219, 1124, '2019-01-19', 0, 2000, 0);
insert into status_sobe(id, soba_id, datum, zauzeto, cena, popust) values (3220, 1124, '2019-01-20', 0, 2000, 0);
insert into status_sobe(id, soba_id, datum, zauzeto, cena, popust) values (3221, 1124, '2019-01-21', 0, 2000, 0);
insert into status_sobe(id, soba_id, datum, zauzeto, cena, popust) values (3222, 1124, '2019-01-22', 0, 2000, 0);
insert into status_sobe(id, soba_id, datum, zauzeto, cena, popust) values (3223, 1124, '2019-01-23', 0, 2000, 0);
insert into status_sobe(id, soba_id, datum, zauzeto, cena, popust) values (3224, 1124, '2019-01-24', 0, 2000, 0);
insert into status_sobe(id, soba_id, datum, zauzeto, cena, popust) values (3225, 1124, '2019-01-25', 0, 2000, 0);
insert into status_sobe(id, soba_id, datum, zauzeto, cena, popust) values (3226, 1124, '2019-01-26', 0, 2000, 0);
insert into status_sobe(id, soba_id, datum, zauzeto, cena, popust) values (3227, 1124, '2019-01-27', 0, 2000, 0);
insert into status_sobe(id, soba_id, datum, zauzeto, cena, popust) values (3228, 1124, '2019-01-28', 0, 2000, 0);
insert into status_sobe(id, soba_id, datum, zauzeto, cena, popust) values (3229, 1124, '2019-01-29', 0, 2000, 0);
insert into status_sobe(id, soba_id, datum, zauzeto, cena, popust) values (3230, 1124, '2019-01-30', 0, 2000, 0);
insert into status_sobe(id, soba_id, datum, zauzeto, cena, popust) values (3231, 1124, '2019-01-31', 0, 2000, 0);
insert into status_sobe(id, soba_id, datum, zauzeto, cena, popust) values (3233, 1124, '2019-02-01', 0, 2000, 0);
insert into status_sobe(id, soba_id, datum, zauzeto, cena, popust) values (3234, 1124, '2019-02-02', 0, 2000, 0);
insert into status_sobe(id, soba_id, datum, zauzeto, cena, popust) values (3235, 1124, '2019-02-03', 0, 2000, 0);
insert into status_sobe(id, soba_id, datum, zauzeto, cena, popust) values (3236, 1124, '2019-02-04', 0, 2000, 0);
insert into status_sobe(id, soba_id, datum, zauzeto, cena, popust) values (3237, 1124, '2019-02-05', 0, 2000, 0);
insert into status_sobe(id, soba_id, datum, zauzeto, cena, popust) values (3238, 1124, '2019-02-06', 0, 2000, 0);
insert into status_sobe(id, soba_id, datum, zauzeto, cena, popust) values (3239, 1124, '2019-02-07', 0, 2000, 0);
insert into status_sobe(id, soba_id, datum, zauzeto, cena, popust) values (3240, 1124, '2019-02-08', 0, 2000, 0);
insert into status_sobe(id, soba_id, datum, zauzeto, cena, popust) values (3241, 1124, '2019-02-09', 0, 2000, 0);
insert into status_sobe(id, soba_id, datum, zauzeto, cena, popust) values (3242, 1124, '2019-02-10', 0, 2000, 0);
insert into status_sobe(id, soba_id, datum, zauzeto, cena, popust) values (3243, 1124, '2019-02-11', 0, 2000, 0);
insert into status_sobe(id, soba_id, datum, zauzeto, cena, popust) values (3244, 1124, '2019-02-12', 0, 2000, 0);
insert into status_sobe(id, soba_id, datum, zauzeto, cena, popust) values (3245, 1124, '2019-02-13', 0, 2000, 0);
insert into status_sobe(id, soba_id, datum, zauzeto, cena, popust) values (3246, 1124, '2019-02-14', 0, 2000, 0);
insert into status_sobe(id, soba_id, datum, zauzeto, cena, popust) values (3247, 1124, '2019-02-15', 0, 2000, 0);
insert into status_sobe(id, soba_id, datum, zauzeto, cena, popust) values (3248, 1124, '2019-02-16', 0, 2000, 0);
insert into status_sobe(id, soba_id, datum, zauzeto, cena, popust) values (3249, 1124, '2019-02-17', 0, 2000, 0);
insert into status_sobe(id, soba_id, datum, zauzeto, cena, popust) values (3250, 1124, '2019-02-18', 0, 2000, 0);
insert into status_sobe(id, soba_id, datum, zauzeto, cena, popust) values (3251, 1124, '2019-02-19', 0, 2000, 0);
insert into status_sobe(id, soba_id, datum, zauzeto, cena, popust) values (3252, 1124, '2019-02-20', 0, 2000, 0);
insert into status_sobe(id, soba_id, datum, zauzeto, cena, popust) values (3253, 1124, '2019-02-21', 0, 2000, 0);
insert into status_sobe(id, soba_id, datum, zauzeto, cena, popust) values (3254, 1124, '2019-02-22', 0, 2000, 0);
insert into status_sobe(id, soba_id, datum, zauzeto, cena, popust) values (3255, 1124, '2019-02-23', 0, 2000, 0);
insert into status_sobe(id, soba_id, datum, zauzeto, cena, popust) values (3256, 1124, '2019-02-24', 0, 2000, 0);
insert into status_sobe(id, soba_id, datum, zauzeto, cena, popust) values (3257, 1124, '2019-02-25', 0, 2000, 0);
insert into status_sobe(id, soba_id, datum, zauzeto, cena, popust) values (3258, 1124, '2019-02-26', 0, 2000, 0);
insert into status_sobe(id, soba_id, datum, zauzeto, cena, popust) values (3259, 1124, '2019-02-27', 0, 2000, 0);
insert into status_sobe(id, soba_id, datum, zauzeto, cena, popust) values (3260, 1124, '2019-02-28', 0, 2000, 0);
insert into status_sobe(id, soba_id, datum, zauzeto, cena, popust) values (3265, 1124, '2019-03-01', 0, 2000, 0);
insert into status_sobe(id, soba_id, datum, zauzeto, cena, popust) values (3266, 1124, '2019-03-02', 0, 2000, 0);
insert into status_sobe(id, soba_id, datum, zauzeto, cena, popust) values (3267, 1124, '2019-03-03', 0, 2000, 0);
insert into status_sobe(id, soba_id, datum, zauzeto, cena, popust) values (3268, 1124, '2019-03-04', 0, 2000, 0);
insert into status_sobe(id, soba_id, datum, zauzeto, cena, popust) values (3269, 1124, '2019-03-05', 0, 2000, 0);
insert into status_sobe(id, soba_id, datum, zauzeto, cena, popust) values (3270, 1124, '2019-03-06', 0, 2000, 0);
insert into status_sobe(id, soba_id, datum, zauzeto, cena, popust) values (3271, 1124, '2019-03-07', 0, 2000, 0);
insert into status_sobe(id, soba_id, datum, zauzeto, cena, popust) values (3272, 1124, '2019-03-08', 0, 2000, 0);
insert into status_sobe(id, soba_id, datum, zauzeto, cena, popust) values (3273, 1124, '2019-03-09', 0, 2000, 0);
insert into status_sobe(id, soba_id, datum, zauzeto, cena, popust) values (3274, 1124, '2019-03-10', 0, 2000, 0);
insert into status_sobe(id, soba_id, datum, zauzeto, cena, popust) values (3275, 1124, '2019-03-11', 0, 2000, 0);
insert into status_sobe(id, soba_id, datum, zauzeto, cena, popust) values (3276, 1124, '2019-03-12', 0, 2000, 0);
insert into status_sobe(id, soba_id, datum, zauzeto, cena, popust) values (3277, 1124, '2019-03-13', 0, 2000, 0);
insert into status_sobe(id, soba_id, datum, zauzeto, cena, popust) values (3278, 1124, '2019-03-14', 0, 2000, 0);
insert into status_sobe(id, soba_id, datum, zauzeto, cena, popust) values (3279, 1124, '2019-03-15', 0, 2000, 0);
insert into status_sobe(id, soba_id, datum, zauzeto, cena, popust) values (3280, 1124, '2019-03-16', 0, 2000, 0);
insert into status_sobe(id, soba_id, datum, zauzeto, cena, popust) values (3281, 1124, '2019-03-17', 0, 2000, 0);
insert into status_sobe(id, soba_id, datum, zauzeto, cena, popust) values (3282, 1124, '2019-03-18', 0, 2000, 0);
insert into status_sobe(id, soba_id, datum, zauzeto, cena, popust) values (3283, 1124, '2019-03-19', 0, 2000, 0);
insert into status_sobe(id, soba_id, datum, zauzeto, cena, popust) values (3284, 1124, '2019-03-20', 0, 2000, 0);
insert into status_sobe(id, soba_id, datum, zauzeto, cena, popust) values (3285, 1124, '2019-03-21', 0, 2000, 0);
insert into status_sobe(id, soba_id, datum, zauzeto, cena, popust) values (3286, 1124, '2019-03-22', 0, 2000, 0);
insert into status_sobe(id, soba_id, datum, zauzeto, cena, popust) values (3287, 1124, '2019-03-23', 0, 2000, 0);
insert into status_sobe(id, soba_id, datum, zauzeto, cena, popust) values (3288, 1124, '2019-03-24', 0, 2000, 0);
insert into status_sobe(id, soba_id, datum, zauzeto, cena, popust) values (3289, 1124, '2019-03-25', 0, 2000, 0);
insert into status_sobe(id, soba_id, datum, zauzeto, cena, popust) values (3290, 1124, '2019-03-26', 0, 2000, 0);
insert into status_sobe(id, soba_id, datum, zauzeto, cena, popust) values (3291, 1124, '2019-03-27', 0, 2000, 0);
insert into status_sobe(id, soba_id, datum, zauzeto, cena, popust) values (3292, 1124, '2019-03-28', 0, 2000, 0);
insert into status_sobe(id, soba_id, datum, zauzeto, cena, popust) values (3293, 1124, '2019-03-29', 0, 2000, 0);
insert into status_sobe(id, soba_id, datum, zauzeto, cena, popust) values (3294, 1124, '2019-03-30', 0, 2000, 0);
insert into status_sobe(id, soba_id, datum, zauzeto, cena, popust) values (3295, 1124, '2019-03-31', 0, 2000, 0);
insert into status_sobe(id, soba_id, datum, zauzeto, cena, popust) values (3297, 1124, '2019-04-01', 0, 2000, 0);
insert into status_sobe(id, soba_id, datum, zauzeto, cena, popust) values (3298, 1124, '2019-04-02', 0, 2000, 0);
insert into status_sobe(id, soba_id, datum, zauzeto, cena, popust) values (3299, 1124, '2019-04-03', 0, 2000, 0);
insert into status_sobe(id, soba_id, datum, zauzeto, cena, popust) values (3300, 1124, '2019-04-04', 0, 2000, 0);
insert into status_sobe(id, soba_id, datum, zauzeto, cena, popust) values (3301, 1124, '2019-04-05', 0, 2000, 0);
insert into status_sobe(id, soba_id, datum, zauzeto, cena, popust) values (3302, 1124, '2019-04-06', 0, 2000, 0);
insert into status_sobe(id, soba_id, datum, zauzeto, cena, popust) values (3303, 1124, '2019-04-07', 0, 2000, 0);
insert into status_sobe(id, soba_id, datum, zauzeto, cena, popust) values (3304, 1124, '2019-04-08', 0, 2000, 0);
insert into status_sobe(id, soba_id, datum, zauzeto, cena, popust) values (3305, 1124, '2019-04-09', 0, 2000, 0);
insert into status_sobe(id, soba_id, datum, zauzeto, cena, popust) values (3306, 1124, '2019-04-10', 0, 2000, 0);
insert into status_sobe(id, soba_id, datum, zauzeto, cena, popust) values (3307, 1124, '2019-04-11', 0, 2000, 0);
insert into status_sobe(id, soba_id, datum, zauzeto, cena, popust) values (3308, 1124, '2019-04-12', 0, 2000, 0);
insert into status_sobe(id, soba_id, datum, zauzeto, cena, popust) values (3309, 1124, '2019-04-13', 0, 2000, 0);
insert into status_sobe(id, soba_id, datum, zauzeto, cena, popust) values (3310, 1124, '2019-04-14', 0, 2000, 0);
insert into status_sobe(id, soba_id, datum, zauzeto, cena, popust) values (3311, 1124, '2019-04-15', 0, 2000, 0);
insert into status_sobe(id, soba_id, datum, zauzeto, cena, popust) values (3312, 1124, '2019-04-16', 0, 2000, 0);
insert into status_sobe(id, soba_id, datum, zauzeto, cena, popust) values (3313, 1124, '2019-04-17', 0, 2000, 0);
insert into status_sobe(id, soba_id, datum, zauzeto, cena, popust) values (3314, 1124, '2019-04-18', 0, 2000, 0);
insert into status_sobe(id, soba_id, datum, zauzeto, cena, popust) values (3315, 1124, '2019-04-19', 0, 2000, 0);
insert into status_sobe(id, soba_id, datum, zauzeto, cena, popust) values (3316, 1124, '2019-04-20', 0, 2000, 0);
insert into status_sobe(id, soba_id, datum, zauzeto, cena, popust) values (3317, 1124, '2019-04-21', 0, 2000, 0);
insert into status_sobe(id, soba_id, datum, zauzeto, cena, popust) values (3318, 1124, '2019-04-22', 0, 2000, 0);
insert into status_sobe(id, soba_id, datum, zauzeto, cena, popust) values (3319, 1124, '2019-04-23', 0, 2000, 0);
insert into status_sobe(id, soba_id, datum, zauzeto, cena, popust) values (3320, 1124, '2019-04-24', 0, 2000, 0);
insert into status_sobe(id, soba_id, datum, zauzeto, cena, popust) values (3321, 1124, '2019-04-25', 0, 2000, 0);
insert into status_sobe(id, soba_id, datum, zauzeto, cena, popust) values (3322, 1124, '2019-04-26', 0, 2000, 0);
insert into status_sobe(id, soba_id, datum, zauzeto, cena, popust) values (3323, 1124, '2019-04-27', 0, 2000, 0);
insert into status_sobe(id, soba_id, datum, zauzeto, cena, popust) values (3324, 1124, '2019-04-28', 0, 2000, 0);
insert into status_sobe(id, soba_id, datum, zauzeto, cena, popust) values (3325, 1124, '2019-04-29', 0, 2000, 0);
insert into status_sobe(id, soba_id, datum, zauzeto, cena, popust) values (3326, 1124, '2019-04-30', 0, 2000, 0);
insert into status_sobe(id, soba_id, datum, zauzeto, cena, popust) values (3329, 1124, '2019-05-01', 0, 2000, 0);
insert into status_sobe(id, soba_id, datum, zauzeto, cena, popust) values (3330, 1124, '2019-05-02', 0, 2000, 0);
insert into status_sobe(id, soba_id, datum, zauzeto, cena, popust) values (3331, 1124, '2019-05-03', 0, 2000, 0);
insert into status_sobe(id, soba_id, datum, zauzeto, cena, popust) values (3332, 1124, '2019-05-04', 0, 2000, 0);
insert into status_sobe(id, soba_id, datum, zauzeto, cena, popust) values (3333, 1124, '2019-05-05', 0, 2000, 0);
insert into status_sobe(id, soba_id, datum, zauzeto, cena, popust) values (3334, 1124, '2019-05-06', 0, 2000, 0);
insert into status_sobe(id, soba_id, datum, zauzeto, cena, popust) values (3335, 1124, '2019-05-07', 0, 2000, 0);
insert into status_sobe(id, soba_id, datum, zauzeto, cena, popust) values (3336, 1124, '2019-05-08', 0, 2000, 0);
insert into status_sobe(id, soba_id, datum, zauzeto, cena, popust) values (3337, 1124, '2019-05-09', 0, 2000, 0);
insert into status_sobe(id, soba_id, datum, zauzeto, cena, popust) values (3338, 1124, '2019-05-10', 0, 2000, 0);
insert into status_sobe(id, soba_id, datum, zauzeto, cena, popust) values (3339, 1124, '2019-05-11', 0, 2000, 0);
insert into status_sobe(id, soba_id, datum, zauzeto, cena, popust) values (3340, 1124, '2019-05-12', 0, 2000, 0);
insert into status_sobe(id, soba_id, datum, zauzeto, cena, popust) values (3341, 1124, '2019-05-13', 0, 2000, 0);
insert into status_sobe(id, soba_id, datum, zauzeto, cena, popust) values (3342, 1124, '2019-05-14', 0, 2000, 0);
insert into status_sobe(id, soba_id, datum, zauzeto, cena, popust) values (3343, 1124, '2019-05-15', 0, 2000, 0);
insert into status_sobe(id, soba_id, datum, zauzeto, cena, popust) values (3344, 1124, '2019-05-16', 0, 2000, 0);
insert into status_sobe(id, soba_id, datum, zauzeto, cena, popust) values (3345, 1124, '2019-05-17', 0, 2000, 0);
insert into status_sobe(id, soba_id, datum, zauzeto, cena, popust) values (3346, 1124, '2019-05-18', 0, 2000, 0);
insert into status_sobe(id, soba_id, datum, zauzeto, cena, popust) values (3347, 1124, '2019-05-19', 0, 2000, 0);
insert into status_sobe(id, soba_id, datum, zauzeto, cena, popust) values (3348, 1124, '2019-05-20', 0, 2000, 0);
insert into status_sobe(id, soba_id, datum, zauzeto, cena, popust) values (3349, 1124, '2019-05-21', 0, 2000, 0);
insert into status_sobe(id, soba_id, datum, zauzeto, cena, popust) values (3350, 1124, '2019-05-22', 0, 2000, 0);
insert into status_sobe(id, soba_id, datum, zauzeto, cena, popust) values (3351, 1124, '2019-05-23', 0, 2000, 0);
insert into status_sobe(id, soba_id, datum, zauzeto, cena, popust) values (3352, 1124, '2019-05-24', 0, 2000, 0);
insert into status_sobe(id, soba_id, datum, zauzeto, cena, popust) values (3353, 1124, '2019-05-25', 0, 2000, 0);
insert into status_sobe(id, soba_id, datum, zauzeto, cena, popust) values (3354, 1124, '2019-05-26', 0, 2000, 0);
insert into status_sobe(id, soba_id, datum, zauzeto, cena, popust) values (3355, 1124, '2019-05-27', 0, 2000, 0);
insert into status_sobe(id, soba_id, datum, zauzeto, cena, popust) values (3356, 1124, '2019-05-28', 0, 2000, 0);
insert into status_sobe(id, soba_id, datum, zauzeto, cena, popust) values (3357, 1124, '2019-05-29', 0, 2000, 0);
insert into status_sobe(id, soba_id, datum, zauzeto, cena, popust) values (3358, 1124, '2019-05-30', 0, 2000, 0);
insert into status_sobe(id, soba_id, datum, zauzeto, cena, popust) values (3359, 1124, '2019-05-31', 0, 2000, 0);
insert into status_sobe(id, soba_id, datum, zauzeto, cena, popust) values (3361, 1124, '2019-06-01', 0, 2000, 0);
insert into status_sobe(id, soba_id, datum, zauzeto, cena, popust) values (3362, 1124, '2019-06-02', 0, 2000, 0);
insert into status_sobe(id, soba_id, datum, zauzeto, cena, popust) values (3363, 1124, '2019-06-03', 0, 2000, 0);
insert into status_sobe(id, soba_id, datum, zauzeto, cena, popust) values (3364, 1124, '2019-06-04', 0, 2000, 0);
insert into status_sobe(id, soba_id, datum, zauzeto, cena, popust) values (3365, 1124, '2019-06-05', 0, 2000, 0);
insert into status_sobe(id, soba_id, datum, zauzeto, cena, popust) values (3366, 1124, '2019-06-06', 0, 2000, 0);
insert into status_sobe(id, soba_id, datum, zauzeto, cena, popust) values (3367, 1124, '2019-06-07', 0, 2000, 0);
insert into status_sobe(id, soba_id, datum, zauzeto, cena, popust) values (3368, 1124, '2019-06-08', 0, 2000, 0);
insert into status_sobe(id, soba_id, datum, zauzeto, cena, popust) values (3369, 1124, '2019-06-09', 0, 2000, 0);
insert into status_sobe(id, soba_id, datum, zauzeto, cena, popust) values (3370, 1124, '2019-06-10', 0, 2000, 0);
insert into status_sobe(id, soba_id, datum, zauzeto, cena, popust) values (3371, 1124, '2019-06-11', 0, 2000, 0);
insert into status_sobe(id, soba_id, datum, zauzeto, cena, popust) values (3372, 1124, '2019-06-12', 0, 2000, 0);
insert into status_sobe(id, soba_id, datum, zauzeto, cena, popust) values (3373, 1124, '2019-06-13', 0, 2000, 0);
insert into status_sobe(id, soba_id, datum, zauzeto, cena, popust) values (3374, 1124, '2019-06-14', 0, 2000, 0);
insert into status_sobe(id, soba_id, datum, zauzeto, cena, popust) values (3375, 1124, '2019-06-15', 0, 2000, 0);
insert into status_sobe(id, soba_id, datum, zauzeto, cena, popust) values (3376, 1124, '2019-06-16', 0, 2000, 0);
insert into status_sobe(id, soba_id, datum, zauzeto, cena, popust) values (3377, 1124, '2019-06-17', 0, 2000, 0);
insert into status_sobe(id, soba_id, datum, zauzeto, cena, popust) values (3378, 1124, '2019-06-18', 0, 2000, 0);
insert into status_sobe(id, soba_id, datum, zauzeto, cena, popust) values (3379, 1124, '2019-06-19', 0, 2000, 0);
insert into status_sobe(id, soba_id, datum, zauzeto, cena, popust) values (3380, 1124, '2019-06-20', 0, 2000, 0);
insert into status_sobe(id, soba_id, datum, zauzeto, cena, popust) values (3381, 1124, '2019-06-21', 0, 2000, 0);
insert into status_sobe(id, soba_id, datum, zauzeto, cena, popust) values (3382, 1124, '2019-06-22', 0, 2000, 0);
insert into status_sobe(id, soba_id, datum, zauzeto, cena, popust) values (3383, 1124, '2019-06-23', 0, 2000, 0);
insert into status_sobe(id, soba_id, datum, zauzeto, cena, popust) values (3384, 1124, '2019-06-24', 0, 2000, 0);
insert into status_sobe(id, soba_id, datum, zauzeto, cena, popust) values (3385, 1124, '2019-06-25', 0, 2000, 0);
insert into status_sobe(id, soba_id, datum, zauzeto, cena, popust) values (3386, 1124, '2019-06-26', 0, 2000, 0);
insert into status_sobe(id, soba_id, datum, zauzeto, cena, popust) values (3387, 1124, '2019-06-27', 0, 2000, 0);
insert into status_sobe(id, soba_id, datum, zauzeto, cena, popust) values (3388, 1124, '2019-06-28', 0, 2000, 0);
insert into status_sobe(id, soba_id, datum, zauzeto, cena, popust) values (3389, 1124, '2019-06-29', 0, 2000, 0);
insert into status_sobe(id, soba_id, datum, zauzeto, cena, popust) values (3390, 1124, '2019-06-30', 0, 2000, 0);
insert into status_sobe(id, soba_id, datum, zauzeto, cena, popust) values (3393, 1124, '2019-07-01', 0, 2000, 0);
insert into status_sobe(id, soba_id, datum, zauzeto, cena, popust) values (3394, 1124, '2019-07-02', 0, 2000, 0);
insert into status_sobe(id, soba_id, datum, zauzeto, cena, popust) values (3395, 1124, '2019-07-03', 0, 2000, 0);
insert into status_sobe(id, soba_id, datum, zauzeto, cena, popust) values (3396, 1124, '2019-07-04', 0, 2000, 0);
insert into status_sobe(id, soba_id, datum, zauzeto, cena, popust) values (3397, 1124, '2019-07-05', 0, 2000, 0);
insert into status_sobe(id, soba_id, datum, zauzeto, cena, popust) values (3398, 1124, '2019-07-06', 0, 2000, 0);
insert into status_sobe(id, soba_id, datum, zauzeto, cena, popust) values (3399, 1124, '2019-07-07', 0, 2000, 0);
insert into status_sobe(id, soba_id, datum, zauzeto, cena, popust) values (3400, 1124, '2019-07-08', 0, 2000, 0);
insert into status_sobe(id, soba_id, datum, zauzeto, cena, popust) values (3401, 1124, '2019-07-09', 0, 2000, 0);
insert into status_sobe(id, soba_id, datum, zauzeto, cena, popust) values (3402, 1124, '2019-07-10', 0, 2000, 0);
insert into status_sobe(id, soba_id, datum, zauzeto, cena, popust) values (3403, 1124, '2019-07-11', 0, 2000, 0);
insert into status_sobe(id, soba_id, datum, zauzeto, cena, popust) values (3404, 1124, '2019-07-12', 0, 2000, 0);
insert into status_sobe(id, soba_id, datum, zauzeto, cena, popust) values (3405, 1124, '2019-07-13', 0, 2000, 0);
insert into status_sobe(id, soba_id, datum, zauzeto, cena, popust) values (3406, 1124, '2019-07-14', 0, 2000, 0);
insert into status_sobe(id, soba_id, datum, zauzeto, cena, popust) values (3407, 1124, '2019-07-15', 0, 2000, 0);
insert into status_sobe(id, soba_id, datum, zauzeto, cena, popust) values (3408, 1124, '2019-07-16', 0, 2000, 0);
insert into status_sobe(id, soba_id, datum, zauzeto, cena, popust) values (3409, 1124, '2019-07-17', 0, 2000, 0);
insert into status_sobe(id, soba_id, datum, zauzeto, cena, popust) values (3410, 1124, '2019-07-18', 0, 2000, 0);
insert into status_sobe(id, soba_id, datum, zauzeto, cena, popust) values (3411, 1124, '2019-07-19', 0, 2000, 0);
insert into status_sobe(id, soba_id, datum, zauzeto, cena, popust) values (3412, 1124, '2019-07-20', 0, 2000, 0);
insert into status_sobe(id, soba_id, datum, zauzeto, cena, popust) values (3413, 1124, '2019-07-21', 0, 2000, 0);
insert into status_sobe(id, soba_id, datum, zauzeto, cena, popust) values (3414, 1124, '2019-07-22', 0, 2000, 0);
insert into status_sobe(id, soba_id, datum, zauzeto, cena, popust) values (3415, 1124, '2019-07-23', 0, 2000, 0);
insert into status_sobe(id, soba_id, datum, zauzeto, cena, popust) values (3416, 1124, '2019-07-24', 0, 2000, 0);
insert into status_sobe(id, soba_id, datum, zauzeto, cena, popust) values (3417, 1124, '2019-07-25', 0, 2000, 0);
insert into status_sobe(id, soba_id, datum, zauzeto, cena, popust) values (3418, 1124, '2019-07-26', 0, 2000, 0);
insert into status_sobe(id, soba_id, datum, zauzeto, cena, popust) values (3419, 1124, '2019-07-27', 0, 2000, 0);
insert into status_sobe(id, soba_id, datum, zauzeto, cena, popust) values (3420, 1124, '2019-07-28', 0, 2000, 0);
insert into status_sobe(id, soba_id, datum, zauzeto, cena, popust) values (3421, 1124, '2019-07-29', 0, 2000, 0);
insert into status_sobe(id, soba_id, datum, zauzeto, cena, popust) values (3422, 1124, '2019-07-30', 0, 2000, 0);
insert into status_sobe(id, soba_id, datum, zauzeto, cena, popust) values (3423, 1124, '2019-07-31', 0, 2000, 0);
insert into status_sobe(id, soba_id, datum, zauzeto, cena, popust) values (3425, 1124, '2019-08-01', 0, 2000, 0);
insert into status_sobe(id, soba_id, datum, zauzeto, cena, popust) values (3426, 1124, '2019-08-02', 0, 2000, 0);
insert into status_sobe(id, soba_id, datum, zauzeto, cena, popust) values (3427, 1124, '2019-08-03', 0, 2000, 0);
insert into status_sobe(id, soba_id, datum, zauzeto, cena, popust) values (3428, 1124, '2019-08-04', 0, 2000, 0);
insert into status_sobe(id, soba_id, datum, zauzeto, cena, popust) values (3429, 1124, '2019-08-05', 0, 2000, 0);
insert into status_sobe(id, soba_id, datum, zauzeto, cena, popust) values (3430, 1124, '2019-08-06', 0, 2000, 0);
insert into status_sobe(id, soba_id, datum, zauzeto, cena, popust) values (3431, 1124, '2019-08-07', 0, 2000, 0);
insert into status_sobe(id, soba_id, datum, zauzeto, cena, popust) values (3432, 1124, '2019-08-08', 0, 2000, 0);
insert into status_sobe(id, soba_id, datum, zauzeto, cena, popust) values (3433, 1124, '2019-08-09', 0, 2000, 0);
insert into status_sobe(id, soba_id, datum, zauzeto, cena, popust) values (3434, 1124, '2019-08-10', 0, 2000, 0);
insert into status_sobe(id, soba_id, datum, zauzeto, cena, popust) values (3435, 1124, '2019-08-11', 0, 2000, 0);
insert into status_sobe(id, soba_id, datum, zauzeto, cena, popust) values (3436, 1124, '2019-08-12', 0, 2000, 0);
insert into status_sobe(id, soba_id, datum, zauzeto, cena, popust) values (3437, 1124, '2019-08-13', 0, 2000, 0);
insert into status_sobe(id, soba_id, datum, zauzeto, cena, popust) values (3438, 1124, '2019-08-14', 0, 2000, 0);
insert into status_sobe(id, soba_id, datum, zauzeto, cena, popust) values (3439, 1124, '2019-08-15', 0, 2000, 0);
insert into status_sobe(id, soba_id, datum, zauzeto, cena, popust) values (3440, 1124, '2019-08-16', 0, 2000, 0);
insert into status_sobe(id, soba_id, datum, zauzeto, cena, popust) values (3441, 1124, '2019-08-17', 0, 2000, 0);
insert into status_sobe(id, soba_id, datum, zauzeto, cena, popust) values (3442, 1124, '2019-08-18', 0, 2000, 0);
insert into status_sobe(id, soba_id, datum, zauzeto, cena, popust) values (3443, 1124, '2019-08-19', 0, 2000, 0);
insert into status_sobe(id, soba_id, datum, zauzeto, cena, popust) values (3444, 1124, '2019-08-20', 0, 2000, 0);
insert into status_sobe(id, soba_id, datum, zauzeto, cena, popust) values (3445, 1124, '2019-08-21', 0, 2000, 0);
insert into status_sobe(id, soba_id, datum, zauzeto, cena, popust) values (3446, 1124, '2019-08-22', 0, 2000, 0);
insert into status_sobe(id, soba_id, datum, zauzeto, cena, popust) values (3447, 1124, '2019-08-23', 0, 2000, 0);
insert into status_sobe(id, soba_id, datum, zauzeto, cena, popust) values (3448, 1124, '2019-08-24', 0, 2000, 0);
insert into status_sobe(id, soba_id, datum, zauzeto, cena, popust) values (3449, 1124, '2019-08-25', 0, 2000, 0);
insert into status_sobe(id, soba_id, datum, zauzeto, cena, popust) values (3450, 1124, '2019-08-26', 0, 2000, 0);
insert into status_sobe(id, soba_id, datum, zauzeto, cena, popust) values (3451, 1124, '2019-08-27', 0, 2000, 0);
insert into status_sobe(id, soba_id, datum, zauzeto, cena, popust) values (3452, 1124, '2019-08-28', 0, 2000, 0);
insert into status_sobe(id, soba_id, datum, zauzeto, cena, popust) values (3453, 1124, '2019-08-29', 0, 2000, 0);
insert into status_sobe(id, soba_id, datum, zauzeto, cena, popust) values (3454, 1124, '2019-08-30', 0, 2000, 0);
insert into status_sobe(id, soba_id, datum, zauzeto, cena, popust) values (3455, 1124, '2019-08-31', 0, 2000, 0);
insert into status_sobe(id, soba_id, datum, zauzeto, cena, popust) values (3457, 1124, '2019-09-01', 0, 2000, 0);
insert into status_sobe(id, soba_id, datum, zauzeto, cena, popust) values (3458, 1124, '2019-09-02', 0, 2000, 0);
insert into status_sobe(id, soba_id, datum, zauzeto, cena, popust) values (3459, 1124, '2019-09-03', 0, 2000, 0);
insert into status_sobe(id, soba_id, datum, zauzeto, cena, popust) values (3460, 1124, '2019-09-04', 0, 2000, 0);
insert into status_sobe(id, soba_id, datum, zauzeto, cena, popust) values (3461, 1124, '2019-09-05', 0, 2000, 0);
insert into status_sobe(id, soba_id, datum, zauzeto, cena, popust) values (3462, 1124, '2019-09-06', 0, 2000, 0);
insert into status_sobe(id, soba_id, datum, zauzeto, cena, popust) values (3463, 1124, '2019-09-07', 0, 2000, 0);
insert into status_sobe(id, soba_id, datum, zauzeto, cena, popust) values (3464, 1124, '2019-09-08', 0, 2000, 0);
insert into status_sobe(id, soba_id, datum, zauzeto, cena, popust) values (3465, 1124, '2019-09-09', 0, 2000, 0);
insert into status_sobe(id, soba_id, datum, zauzeto, cena, popust) values (3466, 1124, '2019-09-10', 0, 2000, 0);
insert into status_sobe(id, soba_id, datum, zauzeto, cena, popust) values (3467, 1124, '2019-09-11', 0, 2000, 0);
insert into status_sobe(id, soba_id, datum, zauzeto, cena, popust) values (3468, 1124, '2019-09-12', 0, 2000, 0);
insert into status_sobe(id, soba_id, datum, zauzeto, cena, popust) values (3469, 1124, '2019-09-13', 0, 2000, 0);
insert into status_sobe(id, soba_id, datum, zauzeto, cena, popust) values (3470, 1124, '2019-09-14', 0, 2000, 0);
insert into status_sobe(id, soba_id, datum, zauzeto, cena, popust) values (3471, 1124, '2019-09-15', 0, 2000, 0);
insert into status_sobe(id, soba_id, datum, zauzeto, cena, popust) values (3472, 1124, '2019-09-16', 0, 2000, 0);
insert into status_sobe(id, soba_id, datum, zauzeto, cena, popust) values (3473, 1124, '2019-09-17', 0, 2000, 0);
insert into status_sobe(id, soba_id, datum, zauzeto, cena, popust) values (3474, 1124, '2019-09-18', 0, 2000, 0);
insert into status_sobe(id, soba_id, datum, zauzeto, cena, popust) values (3475, 1124, '2019-09-19', 0, 2000, 0);
insert into status_sobe(id, soba_id, datum, zauzeto, cena, popust) values (3476, 1124, '2019-09-20', 0, 2000, 0);
insert into status_sobe(id, soba_id, datum, zauzeto, cena, popust) values (3477, 1124, '2019-09-21', 0, 2000, 0);
insert into status_sobe(id, soba_id, datum, zauzeto, cena, popust) values (3478, 1124, '2019-09-22', 0, 2000, 0);
insert into status_sobe(id, soba_id, datum, zauzeto, cena, popust) values (3479, 1124, '2019-09-23', 0, 2000, 0);
insert into status_sobe(id, soba_id, datum, zauzeto, cena, popust) values (3480, 1124, '2019-09-24', 0, 2000, 0);
insert into status_sobe(id, soba_id, datum, zauzeto, cena, popust) values (3481, 1124, '2019-09-25', 0, 2000, 0);
insert into status_sobe(id, soba_id, datum, zauzeto, cena, popust) values (3482, 1124, '2019-09-26', 0, 2000, 0);
insert into status_sobe(id, soba_id, datum, zauzeto, cena, popust) values (3483, 1124, '2019-09-27', 0, 2000, 0);
insert into status_sobe(id, soba_id, datum, zauzeto, cena, popust) values (3484, 1124, '2019-09-28', 0, 2000, 0);
insert into status_sobe(id, soba_id, datum, zauzeto, cena, popust) values (3485, 1124, '2019-09-29', 0, 2000, 0);
insert into status_sobe(id, soba_id, datum, zauzeto, cena, popust) values (3486, 1124, '2019-09-30', 0, 2000, 0);
insert into status_sobe(id, soba_id, datum, zauzeto, cena, popust) values (3521, 1124, '2019-10-01', 0, 2000, 0);
insert into status_sobe(id, soba_id, datum, zauzeto, cena, popust) values (3522, 1124, '2019-10-02', 0, 2000, 0);
insert into status_sobe(id, soba_id, datum, zauzeto, cena, popust) values (3523, 1124, '2019-10-03', 0, 2000, 0);
insert into status_sobe(id, soba_id, datum, zauzeto, cena, popust) values (3524, 1124, '2019-10-04', 0, 2000, 0);
insert into status_sobe(id, soba_id, datum, zauzeto, cena, popust) values (3525, 1124, '2019-10-05', 0, 2000, 0);
insert into status_sobe(id, soba_id, datum, zauzeto, cena, popust) values (3526, 1124, '2019-10-06', 0, 2000, 0);
insert into status_sobe(id, soba_id, datum, zauzeto, cena, popust) values (3527, 1124, '2019-10-07', 0, 2000, 0);
insert into status_sobe(id, soba_id, datum, zauzeto, cena, popust) values (3528, 1124, '2019-10-08', 0, 2000, 0);
insert into status_sobe(id, soba_id, datum, zauzeto, cena, popust) values (3529, 1124, '2019-10-09', 0, 2000, 0);
insert into status_sobe(id, soba_id, datum, zauzeto, cena, popust) values (3530, 1124, '2019-10-10', 0, 2000, 0);
insert into status_sobe(id, soba_id, datum, zauzeto, cena, popust) values (3531, 1124, '2019-10-11', 0, 2000, 0);
insert into status_sobe(id, soba_id, datum, zauzeto, cena, popust) values (3532, 1124, '2019-10-12', 0, 2000, 0);
insert into status_sobe(id, soba_id, datum, zauzeto, cena, popust) values (3533, 1124, '2019-10-13', 0, 2000, 0);
insert into status_sobe(id, soba_id, datum, zauzeto, cena, popust) values (3534, 1124, '2019-10-14', 0, 2000, 0);
insert into status_sobe(id, soba_id, datum, zauzeto, cena, popust) values (3535, 1124, '2019-10-15', 0, 2000, 0);
insert into status_sobe(id, soba_id, datum, zauzeto, cena, popust) values (3536, 1124, '2019-10-16', 0, 2000, 0);
insert into status_sobe(id, soba_id, datum, zauzeto, cena, popust) values (3537, 1124, '2019-10-17', 0, 2000, 0);
insert into status_sobe(id, soba_id, datum, zauzeto, cena, popust) values (3538, 1124, '2019-10-18', 0, 2000, 0);
insert into status_sobe(id, soba_id, datum, zauzeto, cena, popust) values (3539, 1124, '2019-10-19', 0, 2000, 0);
insert into status_sobe(id, soba_id, datum, zauzeto, cena, popust) values (3540, 1124, '2019-10-20', 0, 2000, 0);
insert into status_sobe(id, soba_id, datum, zauzeto, cena, popust) values (3541, 1124, '2019-10-21', 0, 2000, 0);
insert into status_sobe(id, soba_id, datum, zauzeto, cena, popust) values (3542, 1124, '2019-10-22', 0, 2000, 0);
insert into status_sobe(id, soba_id, datum, zauzeto, cena, popust) values (3543, 1124, '2019-10-23', 0, 2000, 0);
insert into status_sobe(id, soba_id, datum, zauzeto, cena, popust) values (3544, 1124, '2019-10-24', 0, 2000, 0);
insert into status_sobe(id, soba_id, datum, zauzeto, cena, popust) values (3545, 1124, '2019-10-25', 0, 2000, 0);
insert into status_sobe(id, soba_id, datum, zauzeto, cena, popust) values (3546, 1124, '2019-10-26', 0, 2000, 0);
insert into status_sobe(id, soba_id, datum, zauzeto, cena, popust) values (3547, 1124, '2019-10-27', 0, 2000, 0);
insert into status_sobe(id, soba_id, datum, zauzeto, cena, popust) values (3548, 1124, '2019-10-28', 0, 2000, 0);
insert into status_sobe(id, soba_id, datum, zauzeto, cena, popust) values (3549, 1124, '2019-10-29', 0, 2000, 0);
insert into status_sobe(id, soba_id, datum, zauzeto, cena, popust) values (3550, 1124, '2019-10-30', 0, 2000, 0);
insert into status_sobe(id, soba_id, datum, zauzeto, cena, popust) values (3551, 1124, '2019-10-31', 0, 2000, 0);
insert into status_sobe(id, soba_id, datum, zauzeto, cena, popust) values (3585, 1124, '2019-11-01', 0, 2000, 0);
insert into status_sobe(id, soba_id, datum, zauzeto, cena, popust) values (3586, 1124, '2019-11-02', 0, 2000, 0);
insert into status_sobe(id, soba_id, datum, zauzeto, cena, popust) values (3587, 1124, '2019-11-03', 0, 2000, 0);
insert into status_sobe(id, soba_id, datum, zauzeto, cena, popust) values (3588, 1124, '2019-11-04', 0, 2000, 0);
insert into status_sobe(id, soba_id, datum, zauzeto, cena, popust) values (3589, 1124, '2019-11-05', 0, 2000, 0);
insert into status_sobe(id, soba_id, datum, zauzeto, cena, popust) values (3590, 1124, '2019-11-06', 0, 2000, 0);
insert into status_sobe(id, soba_id, datum, zauzeto, cena, popust) values (3591, 1124, '2019-11-07', 0, 2000, 0);
insert into status_sobe(id, soba_id, datum, zauzeto, cena, popust) values (3592, 1124, '2019-11-08', 0, 2000, 0);
insert into status_sobe(id, soba_id, datum, zauzeto, cena, popust) values (3593, 1124, '2019-11-09', 0, 2000, 0);
insert into status_sobe(id, soba_id, datum, zauzeto, cena, popust) values (3594, 1124, '2019-11-10', 0, 2000, 0);
insert into status_sobe(id, soba_id, datum, zauzeto, cena, popust) values (3595, 1124, '2019-11-11', 0, 2000, 0);
insert into status_sobe(id, soba_id, datum, zauzeto, cena, popust) values (3596, 1124, '2019-11-12', 0, 2000, 0);
insert into status_sobe(id, soba_id, datum, zauzeto, cena, popust) values (3597, 1124, '2019-11-13', 0, 2000, 0);
insert into status_sobe(id, soba_id, datum, zauzeto, cena, popust) values (3598, 1124, '2019-11-14', 0, 2000, 0);
insert into status_sobe(id, soba_id, datum, zauzeto, cena, popust) values (3599, 1124, '2019-11-15', 0, 2000, 0);
insert into status_sobe(id, soba_id, datum, zauzeto, cena, popust) values (3600, 1124, '2019-11-16', 0, 2000, 0);
insert into status_sobe(id, soba_id, datum, zauzeto, cena, popust) values (3601, 1124, '2019-11-17', 0, 2000, 0);
insert into status_sobe(id, soba_id, datum, zauzeto, cena, popust) values (3602, 1124, '2019-11-18', 0, 2000, 0);
insert into status_sobe(id, soba_id, datum, zauzeto, cena, popust) values (3603, 1124, '2019-11-19', 0, 2000, 0);
insert into status_sobe(id, soba_id, datum, zauzeto, cena, popust) values (3604, 1124, '2019-11-20', 0, 2000, 0);
insert into status_sobe(id, soba_id, datum, zauzeto, cena, popust) values (3605, 1124, '2019-11-21', 0, 2000, 0);
insert into status_sobe(id, soba_id, datum, zauzeto, cena, popust) values (3606, 1124, '2019-11-22', 0, 2000, 0);
insert into status_sobe(id, soba_id, datum, zauzeto, cena, popust) values (3607, 1124, '2019-11-23', 0, 2000, 0);
insert into status_sobe(id, soba_id, datum, zauzeto, cena, popust) values (3608, 1124, '2019-11-24', 0, 2000, 0);
insert into status_sobe(id, soba_id, datum, zauzeto, cena, popust) values (3609, 1124, '2019-11-25', 0, 2000, 0);
insert into status_sobe(id, soba_id, datum, zauzeto, cena, popust) values (3610, 1124, '2019-11-26', 0, 2000, 0);
insert into status_sobe(id, soba_id, datum, zauzeto, cena, popust) values (3611, 1124, '2019-11-27', 0, 2000, 0);
insert into status_sobe(id, soba_id, datum, zauzeto, cena, popust) values (3612, 1124, '2019-11-28', 0, 2000, 0);
insert into status_sobe(id, soba_id, datum, zauzeto, cena, popust) values (3613, 1124, '2019-11-29', 0, 2000, 0);
insert into status_sobe(id, soba_id, datum, zauzeto, cena, popust) values (3614, 1124, '2019-11-30', 0, 2000, 0);
insert into status_sobe(id, soba_id, datum, zauzeto, cena, popust) values (3617, 1124, '2019-12-01', 0, 2000, 0);
insert into status_sobe(id, soba_id, datum, zauzeto, cena, popust) values (3618, 1124, '2019-12-02', 0, 2000, 0);
insert into status_sobe(id, soba_id, datum, zauzeto, cena, popust) values (3619, 1124, '2019-12-03', 0, 2000, 0);
insert into status_sobe(id, soba_id, datum, zauzeto, cena, popust) values (3620, 1124, '2019-12-04', 0, 2000, 0);
insert into status_sobe(id, soba_id, datum, zauzeto, cena, popust) values (3621, 1124, '2019-12-05', 0, 2000, 0);
insert into status_sobe(id, soba_id, datum, zauzeto, cena, popust) values (3622, 1124, '2019-12-06', 0, 2000, 0);
insert into status_sobe(id, soba_id, datum, zauzeto, cena, popust) values (3623, 1124, '2019-12-07', 0, 2000, 0);
insert into status_sobe(id, soba_id, datum, zauzeto, cena, popust) values (3624, 1124, '2019-12-08', 0, 2000, 0);
insert into status_sobe(id, soba_id, datum, zauzeto, cena, popust) values (3625, 1124, '2019-12-09', 0, 2000, 0);
insert into status_sobe(id, soba_id, datum, zauzeto, cena, popust) values (3626, 1124, '2019-12-10', 0, 2000, 0);
insert into status_sobe(id, soba_id, datum, zauzeto, cena, popust) values (3627, 1124, '2019-12-11', 0, 2000, 0);
insert into status_sobe(id, soba_id, datum, zauzeto, cena, popust) values (3628, 1124, '2019-12-12', 0, 2000, 0);
insert into status_sobe(id, soba_id, datum, zauzeto, cena, popust) values (3629, 1124, '2019-12-13', 0, 2000, 0);
insert into status_sobe(id, soba_id, datum, zauzeto, cena, popust) values (3630, 1124, '2019-12-14', 0, 2000, 0);
insert into status_sobe(id, soba_id, datum, zauzeto, cena, popust) values (3631, 1124, '2019-12-15', 0, 2000, 0);
insert into status_sobe(id, soba_id, datum, zauzeto, cena, popust) values (3632, 1124, '2019-12-16', 0, 2000, 0);
insert into status_sobe(id, soba_id, datum, zauzeto, cena, popust) values (3633, 1124, '2019-12-17', 0, 2000, 0);
insert into status_sobe(id, soba_id, datum, zauzeto, cena, popust) values (3634, 1124, '2019-12-18', 0, 2000, 0);
insert into status_sobe(id, soba_id, datum, zauzeto, cena, popust) values (3635, 1124, '2019-12-19', 0, 2000, 0);
insert into status_sobe(id, soba_id, datum, zauzeto, cena, popust) values (3636, 1124, '2019-12-20', 0, 2000, 0);
insert into status_sobe(id, soba_id, datum, zauzeto, cena, popust) values (3637, 1124, '2019-12-21', 0, 2000, 0);
insert into status_sobe(id, soba_id, datum, zauzeto, cena, popust) values (3638, 1124, '2019-12-22', 0, 2000, 0);
insert into status_sobe(id, soba_id, datum, zauzeto, cena, popust) values (3639, 1124, '2019-12-23', 0, 2000, 0);
insert into status_sobe(id, soba_id, datum, zauzeto, cena, popust) values (3640, 1124, '2019-12-24', 0, 2000, 0);
insert into status_sobe(id, soba_id, datum, zauzeto, cena, popust) values (3641, 1124, '2019-12-25', 0, 2000, 0);
insert into status_sobe(id, soba_id, datum, zauzeto, cena, popust) values (3642, 1124, '2019-12-26', 0, 2000, 0);
insert into status_sobe(id, soba_id, datum, zauzeto, cena, popust) values (3643, 1124, '2019-12-27', 0, 2000, 0);
insert into status_sobe(id, soba_id, datum, zauzeto, cena, popust) values (3644, 1124, '2019-12-28', 0, 2000, 0);
insert into status_sobe(id, soba_id, datum, zauzeto, cena, popust) values (3645, 1124, '2019-12-29', 0, 2000, 0);
insert into status_sobe(id, soba_id, datum, zauzeto, cena, popust) values (3646, 1124, '2019-12-30', 0, 2000, 0);
insert into status_sobe(id, soba_id, datum, zauzeto, cena, popust) values (3647, 1124, '2019-12-31', 0, 2000, 0);


insert into status_sobe(id, soba_id, datum, zauzeto, cena, popust) values (6401, 1125, '2019-01-01', 0, 2500, 0);
insert into status_sobe(id, soba_id, datum, zauzeto, cena, popust) values (6402, 1125, '2019-01-02', 0, 2500, 0);
insert into status_sobe(id, soba_id, datum, zauzeto, cena, popust) values (6403, 1125, '2019-01-03', 0, 2500, 0);
insert into status_sobe(id, soba_id, datum, zauzeto, cena, popust) values (6404, 1125, '2019-01-04', 0, 2500, 0);
insert into status_sobe(id, soba_id, datum, zauzeto, cena, popust) values (6405, 1125, '2019-01-05', 0, 2500, 0);
insert into status_sobe(id, soba_id, datum, zauzeto, cena, popust) values (6406, 1125, '2019-01-06', 0, 2500, 0);
insert into status_sobe(id, soba_id, datum, zauzeto, cena, popust) values (6407, 1125, '2019-01-07', 0, 2500, 0);
insert into status_sobe(id, soba_id, datum, zauzeto, cena, popust) values (6408, 1125, '2019-01-08', 0, 2500, 0);
insert into status_sobe(id, soba_id, datum, zauzeto, cena, popust) values (6409, 1125, '2019-01-09', 0, 2500, 0);
insert into status_sobe(id, soba_id, datum, zauzeto, cena, popust) values (6410, 1125, '2019-01-10', 0, 2500, 0);
insert into status_sobe(id, soba_id, datum, zauzeto, cena, popust) values (6411, 1125, '2019-01-11', 0, 2500, 0);
insert into status_sobe(id, soba_id, datum, zauzeto, cena, popust) values (6412, 1125, '2019-01-12', 0, 2500, 0);
insert into status_sobe(id, soba_id, datum, zauzeto, cena, popust) values (6413, 1125, '2019-01-13', 0, 2500, 0);
insert into status_sobe(id, soba_id, datum, zauzeto, cena, popust) values (6414, 1125, '2019-01-14', 0, 2500, 0);
insert into status_sobe(id, soba_id, datum, zauzeto, cena, popust) values (6415, 1125, '2019-01-15', 0, 2500, 0);
insert into status_sobe(id, soba_id, datum, zauzeto, cena, popust) values (6416, 1125, '2019-01-16', 0, 2500, 0);
insert into status_sobe(id, soba_id, datum, zauzeto, cena, popust) values (6417, 1125, '2019-01-17', 0, 2500, 0);
insert into status_sobe(id, soba_id, datum, zauzeto, cena, popust) values (6418, 1125, '2019-01-18', 0, 2500, 0);
insert into status_sobe(id, soba_id, datum, zauzeto, cena, popust) values (6419, 1125, '2019-01-19', 0, 2500, 0);
insert into status_sobe(id, soba_id, datum, zauzeto, cena, popust) values (6420, 1125, '2019-01-20', 0, 2500, 0);
insert into status_sobe(id, soba_id, datum, zauzeto, cena, popust) values (6421, 1125, '2019-01-21', 0, 2500, 0);
insert into status_sobe(id, soba_id, datum, zauzeto, cena, popust) values (6422, 1125, '2019-01-22', 0, 2500, 0);
insert into status_sobe(id, soba_id, datum, zauzeto, cena, popust) values (6423, 1125, '2019-01-23', 0, 2500, 0);
insert into status_sobe(id, soba_id, datum, zauzeto, cena, popust) values (6424, 1125, '2019-01-24', 0, 2500, 0);
insert into status_sobe(id, soba_id, datum, zauzeto, cena, popust) values (6425, 1125, '2019-01-25', 0, 2500, 0);
insert into status_sobe(id, soba_id, datum, zauzeto, cena, popust) values (6426, 1125, '2019-01-26', 0, 2500, 0);
insert into status_sobe(id, soba_id, datum, zauzeto, cena, popust) values (6427, 1125, '2019-01-27', 0, 2500, 0);
insert into status_sobe(id, soba_id, datum, zauzeto, cena, popust) values (6428, 1125, '2019-01-28', 0, 2500, 0);
insert into status_sobe(id, soba_id, datum, zauzeto, cena, popust) values (6429, 1125, '2019-01-29', 0, 2500, 0);
insert into status_sobe(id, soba_id, datum, zauzeto, cena, popust) values (6430, 1125, '2019-01-30', 0, 2500, 0);
insert into status_sobe(id, soba_id, datum, zauzeto, cena, popust) values (6431, 1125, '2019-01-31', 0, 2500, 0);
insert into status_sobe(id, soba_id, datum, zauzeto, cena, popust) values (6433, 1125, '2019-02-01', 0, 2500, 0);
insert into status_sobe(id, soba_id, datum, zauzeto, cena, popust) values (6434, 1125, '2019-02-02', 0, 2500, 0);
insert into status_sobe(id, soba_id, datum, zauzeto, cena, popust) values (6435, 1125, '2019-02-03', 0, 2500, 0);
insert into status_sobe(id, soba_id, datum, zauzeto, cena, popust) values (6436, 1125, '2019-02-04', 0, 2500, 0);
insert into status_sobe(id, soba_id, datum, zauzeto, cena, popust) values (6437, 1125, '2019-02-05', 0, 2500, 0);
insert into status_sobe(id, soba_id, datum, zauzeto, cena, popust) values (6438, 1125, '2019-02-06', 0, 2500, 0);
insert into status_sobe(id, soba_id, datum, zauzeto, cena, popust) values (6439, 1125, '2019-02-07', 0, 2500, 0);
insert into status_sobe(id, soba_id, datum, zauzeto, cena, popust) values (6440, 1125, '2019-02-08', 0, 2500, 0);
insert into status_sobe(id, soba_id, datum, zauzeto, cena, popust) values (6441, 1125, '2019-02-09', 0, 2500, 0);
insert into status_sobe(id, soba_id, datum, zauzeto, cena, popust) values (6442, 1125, '2019-02-10', 0, 2500, 0);
insert into status_sobe(id, soba_id, datum, zauzeto, cena, popust) values (6443, 1125, '2019-02-11', 0, 2500, 0);
insert into status_sobe(id, soba_id, datum, zauzeto, cena, popust) values (6444, 1125, '2019-02-12', 0, 2500, 0);
insert into status_sobe(id, soba_id, datum, zauzeto, cena, popust) values (6445, 1125, '2019-02-13', 0, 2500, 0);
insert into status_sobe(id, soba_id, datum, zauzeto, cena, popust) values (6446, 1125, '2019-02-14', 0, 2500, 0);
insert into status_sobe(id, soba_id, datum, zauzeto, cena, popust) values (6447, 1125, '2019-02-15', 0, 2500, 0);
insert into status_sobe(id, soba_id, datum, zauzeto, cena, popust) values (6448, 1125, '2019-02-16', 0, 2500, 0);
insert into status_sobe(id, soba_id, datum, zauzeto, cena, popust) values (6449, 1125, '2019-02-17', 0, 2500, 0);
insert into status_sobe(id, soba_id, datum, zauzeto, cena, popust) values (6450, 1125, '2019-02-18', 0, 2500, 0);
insert into status_sobe(id, soba_id, datum, zauzeto, cena, popust) values (6451, 1125, '2019-02-19', 0, 2500, 0);
insert into status_sobe(id, soba_id, datum, zauzeto, cena, popust) values (6452, 1125, '2019-02-20', 0, 2500, 0);
insert into status_sobe(id, soba_id, datum, zauzeto, cena, popust) values (6453, 1125, '2019-02-21', 0, 2500, 0);
insert into status_sobe(id, soba_id, datum, zauzeto, cena, popust) values (6454, 1125, '2019-02-22', 0, 2500, 0);
insert into status_sobe(id, soba_id, datum, zauzeto, cena, popust) values (6455, 1125, '2019-02-23', 0, 2500, 0);
insert into status_sobe(id, soba_id, datum, zauzeto, cena, popust) values (6456, 1125, '2019-02-24', 0, 2500, 0);
insert into status_sobe(id, soba_id, datum, zauzeto, cena, popust) values (6457, 1125, '2019-02-25', 0, 2500, 0);
insert into status_sobe(id, soba_id, datum, zauzeto, cena, popust) values (6458, 1125, '2019-02-26', 0, 2500, 0);
insert into status_sobe(id, soba_id, datum, zauzeto, cena, popust) values (6459, 1125, '2019-02-27', 0, 2500, 0);
insert into status_sobe(id, soba_id, datum, zauzeto, cena, popust) values (6460, 1125, '2019-02-28', 0, 2500, 0);
insert into status_sobe(id, soba_id, datum, zauzeto, cena, popust) values (6465, 1125, '2019-03-01', 0, 2500, 0);
insert into status_sobe(id, soba_id, datum, zauzeto, cena, popust) values (6466, 1125, '2019-03-02', 0, 2500, 0);
insert into status_sobe(id, soba_id, datum, zauzeto, cena, popust) values (6467, 1125, '2019-03-03', 0, 2500, 0);
insert into status_sobe(id, soba_id, datum, zauzeto, cena, popust) values (6468, 1125, '2019-03-04', 0, 2500, 0);
insert into status_sobe(id, soba_id, datum, zauzeto, cena, popust) values (6469, 1125, '2019-03-05', 0, 2500, 0);
insert into status_sobe(id, soba_id, datum, zauzeto, cena, popust) values (6470, 1125, '2019-03-06', 0, 2500, 0);
insert into status_sobe(id, soba_id, datum, zauzeto, cena, popust) values (6471, 1125, '2019-03-07', 0, 2500, 0);
insert into status_sobe(id, soba_id, datum, zauzeto, cena, popust) values (6472, 1125, '2019-03-08', 0, 2500, 0);
insert into status_sobe(id, soba_id, datum, zauzeto, cena, popust) values (6473, 1125, '2019-03-09', 0, 2500, 0);
insert into status_sobe(id, soba_id, datum, zauzeto, cena, popust) values (6474, 1125, '2019-03-10', 0, 2500, 0);
insert into status_sobe(id, soba_id, datum, zauzeto, cena, popust) values (6475, 1125, '2019-03-11', 0, 2500, 0);
insert into status_sobe(id, soba_id, datum, zauzeto, cena, popust) values (6476, 1125, '2019-03-12', 0, 2500, 0);
insert into status_sobe(id, soba_id, datum, zauzeto, cena, popust) values (6477, 1125, '2019-03-13', 0, 2500, 0);
insert into status_sobe(id, soba_id, datum, zauzeto, cena, popust) values (6478, 1125, '2019-03-14', 0, 2500, 0);
insert into status_sobe(id, soba_id, datum, zauzeto, cena, popust) values (6479, 1125, '2019-03-15', 0, 2500, 0);
insert into status_sobe(id, soba_id, datum, zauzeto, cena, popust) values (6480, 1125, '2019-03-16', 0, 2500, 0);
insert into status_sobe(id, soba_id, datum, zauzeto, cena, popust) values (6481, 1125, '2019-03-17', 0, 2500, 0);
insert into status_sobe(id, soba_id, datum, zauzeto, cena, popust) values (6482, 1125, '2019-03-18', 0, 2500, 0);
insert into status_sobe(id, soba_id, datum, zauzeto, cena, popust) values (6483, 1125, '2019-03-19', 0, 2500, 0);
insert into status_sobe(id, soba_id, datum, zauzeto, cena, popust) values (6484, 1125, '2019-03-20', 0, 2500, 0);
insert into status_sobe(id, soba_id, datum, zauzeto, cena, popust) values (6485, 1125, '2019-03-21', 0, 2500, 0);
insert into status_sobe(id, soba_id, datum, zauzeto, cena, popust) values (6486, 1125, '2019-03-22', 0, 2500, 0);
insert into status_sobe(id, soba_id, datum, zauzeto, cena, popust) values (6487, 1125, '2019-03-23', 0, 2500, 0);
insert into status_sobe(id, soba_id, datum, zauzeto, cena, popust) values (6488, 1125, '2019-03-24', 0, 2500, 0);
insert into status_sobe(id, soba_id, datum, zauzeto, cena, popust) values (6489, 1125, '2019-03-25', 0, 2500, 0);
insert into status_sobe(id, soba_id, datum, zauzeto, cena, popust) values (6490, 1125, '2019-03-26', 0, 2500, 0);
insert into status_sobe(id, soba_id, datum, zauzeto, cena, popust) values (6491, 1125, '2019-03-27', 0, 2500, 0);
insert into status_sobe(id, soba_id, datum, zauzeto, cena, popust) values (6492, 1125, '2019-03-28', 0, 2500, 0);
insert into status_sobe(id, soba_id, datum, zauzeto, cena, popust) values (6493, 1125, '2019-03-29', 0, 2500, 0);
insert into status_sobe(id, soba_id, datum, zauzeto, cena, popust) values (6494, 1125, '2019-03-30', 0, 2500, 0);
insert into status_sobe(id, soba_id, datum, zauzeto, cena, popust) values (6495, 1125, '2019-03-31', 0, 2500, 0);
insert into status_sobe(id, soba_id, datum, zauzeto, cena, popust) values (6497, 1125, '2019-04-01', 0, 2500, 0);
insert into status_sobe(id, soba_id, datum, zauzeto, cena, popust) values (6498, 1125, '2019-04-02', 0, 2500, 0);
insert into status_sobe(id, soba_id, datum, zauzeto, cena, popust) values (6499, 1125, '2019-04-03', 0, 2500, 0);
insert into status_sobe(id, soba_id, datum, zauzeto, cena, popust) values (6500, 1125, '2019-04-04', 0, 2500, 0);
insert into status_sobe(id, soba_id, datum, zauzeto, cena, popust) values (6501, 1125, '2019-04-05', 0, 2500, 0);
insert into status_sobe(id, soba_id, datum, zauzeto, cena, popust) values (6502, 1125, '2019-04-06', 0, 2500, 0);
insert into status_sobe(id, soba_id, datum, zauzeto, cena, popust) values (6503, 1125, '2019-04-07', 0, 2500, 0);
insert into status_sobe(id, soba_id, datum, zauzeto, cena, popust) values (6504, 1125, '2019-04-08', 0, 2500, 0);
insert into status_sobe(id, soba_id, datum, zauzeto, cena, popust) values (6505, 1125, '2019-04-09', 0, 2500, 0);
insert into status_sobe(id, soba_id, datum, zauzeto, cena, popust) values (6506, 1125, '2019-04-10', 0, 2500, 0);
insert into status_sobe(id, soba_id, datum, zauzeto, cena, popust) values (6507, 1125, '2019-04-11', 0, 2500, 0);
insert into status_sobe(id, soba_id, datum, zauzeto, cena, popust) values (6508, 1125, '2019-04-12', 0, 2500, 0);
insert into status_sobe(id, soba_id, datum, zauzeto, cena, popust) values (6509, 1125, '2019-04-13', 0, 2500, 0);
insert into status_sobe(id, soba_id, datum, zauzeto, cena, popust) values (6510, 1125, '2019-04-14', 0, 2500, 0);
insert into status_sobe(id, soba_id, datum, zauzeto, cena, popust) values (6511, 1125, '2019-04-15', 0, 2500, 0);
insert into status_sobe(id, soba_id, datum, zauzeto, cena, popust) values (6512, 1125, '2019-04-16', 0, 2500, 0);
insert into status_sobe(id, soba_id, datum, zauzeto, cena, popust) values (6513, 1125, '2019-04-17', 0, 2500, 0);
insert into status_sobe(id, soba_id, datum, zauzeto, cena, popust) values (6514, 1125, '2019-04-18', 0, 2500, 0);
insert into status_sobe(id, soba_id, datum, zauzeto, cena, popust) values (6515, 1125, '2019-04-19', 0, 2500, 0);
insert into status_sobe(id, soba_id, datum, zauzeto, cena, popust) values (6516, 1125, '2019-04-20', 0, 2500, 0);
insert into status_sobe(id, soba_id, datum, zauzeto, cena, popust) values (6517, 1125, '2019-04-21', 0, 2500, 0);
insert into status_sobe(id, soba_id, datum, zauzeto, cena, popust) values (6518, 1125, '2019-04-22', 0, 2500, 0);
insert into status_sobe(id, soba_id, datum, zauzeto, cena, popust) values (6519, 1125, '2019-04-23', 0, 2500, 0);
insert into status_sobe(id, soba_id, datum, zauzeto, cena, popust) values (6520, 1125, '2019-04-24', 0, 2500, 0);
insert into status_sobe(id, soba_id, datum, zauzeto, cena, popust) values (6521, 1125, '2019-04-25', 0, 2500, 0);
insert into status_sobe(id, soba_id, datum, zauzeto, cena, popust) values (6522, 1125, '2019-04-26', 0, 2500, 0);
insert into status_sobe(id, soba_id, datum, zauzeto, cena, popust) values (6523, 1125, '2019-04-27', 0, 2500, 0);
insert into status_sobe(id, soba_id, datum, zauzeto, cena, popust) values (6524, 1125, '2019-04-28', 0, 2500, 0);
insert into status_sobe(id, soba_id, datum, zauzeto, cena, popust) values (6525, 1125, '2019-04-29', 0, 2500, 0);
insert into status_sobe(id, soba_id, datum, zauzeto, cena, popust) values (6526, 1125, '2019-04-30', 0, 2500, 0);
insert into status_sobe(id, soba_id, datum, zauzeto, cena, popust) values (6529, 1125, '2019-05-01', 0, 2500, 0);
insert into status_sobe(id, soba_id, datum, zauzeto, cena, popust) values (6530, 1125, '2019-05-02', 0, 2500, 0);
insert into status_sobe(id, soba_id, datum, zauzeto, cena, popust) values (6531, 1125, '2019-05-03', 0, 2500, 0);
insert into status_sobe(id, soba_id, datum, zauzeto, cena, popust) values (6532, 1125, '2019-05-04', 0, 2500, 0);
insert into status_sobe(id, soba_id, datum, zauzeto, cena, popust) values (6533, 1125, '2019-05-05', 0, 2500, 0);
insert into status_sobe(id, soba_id, datum, zauzeto, cena, popust) values (6534, 1125, '2019-05-06', 0, 2500, 0);
insert into status_sobe(id, soba_id, datum, zauzeto, cena, popust) values (6535, 1125, '2019-05-07', 0, 2500, 0);
insert into status_sobe(id, soba_id, datum, zauzeto, cena, popust) values (6536, 1125, '2019-05-08', 0, 2500, 0);
insert into status_sobe(id, soba_id, datum, zauzeto, cena, popust) values (6537, 1125, '2019-05-09', 0, 2500, 0);
insert into status_sobe(id, soba_id, datum, zauzeto, cena, popust) values (6538, 1125, '2019-05-10', 0, 2500, 0);
insert into status_sobe(id, soba_id, datum, zauzeto, cena, popust) values (6539, 1125, '2019-05-11', 0, 2500, 0);
insert into status_sobe(id, soba_id, datum, zauzeto, cena, popust) values (6540, 1125, '2019-05-12', 0, 2500, 0);
insert into status_sobe(id, soba_id, datum, zauzeto, cena, popust) values (6541, 1125, '2019-05-13', 0, 2500, 0);
insert into status_sobe(id, soba_id, datum, zauzeto, cena, popust) values (6542, 1125, '2019-05-14', 0, 2500, 0);
insert into status_sobe(id, soba_id, datum, zauzeto, cena, popust) values (6543, 1125, '2019-05-15', 0, 2500, 0);
insert into status_sobe(id, soba_id, datum, zauzeto, cena, popust) values (6544, 1125, '2019-05-16', 0, 2500, 0);
insert into status_sobe(id, soba_id, datum, zauzeto, cena, popust) values (6545, 1125, '2019-05-17', 0, 2500, 0);
insert into status_sobe(id, soba_id, datum, zauzeto, cena, popust) values (6546, 1125, '2019-05-18', 0, 2500, 0);
insert into status_sobe(id, soba_id, datum, zauzeto, cena, popust) values (6547, 1125, '2019-05-19', 0, 2500, 0);
insert into status_sobe(id, soba_id, datum, zauzeto, cena, popust) values (6548, 1125, '2019-05-20', 0, 2500, 0);
insert into status_sobe(id, soba_id, datum, zauzeto, cena, popust) values (6549, 1125, '2019-05-21', 0, 2500, 0);
insert into status_sobe(id, soba_id, datum, zauzeto, cena, popust) values (6550, 1125, '2019-05-22', 0, 2500, 0);
insert into status_sobe(id, soba_id, datum, zauzeto, cena, popust) values (6551, 1125, '2019-05-23', 0, 2500, 0);
insert into status_sobe(id, soba_id, datum, zauzeto, cena, popust) values (6552, 1125, '2019-05-24', 0, 2500, 0);
insert into status_sobe(id, soba_id, datum, zauzeto, cena, popust) values (6553, 1125, '2019-05-25', 0, 2500, 0);
insert into status_sobe(id, soba_id, datum, zauzeto, cena, popust) values (6554, 1125, '2019-05-26', 0, 2500, 0);
insert into status_sobe(id, soba_id, datum, zauzeto, cena, popust) values (6555, 1125, '2019-05-27', 0, 2500, 0);
insert into status_sobe(id, soba_id, datum, zauzeto, cena, popust) values (6556, 1125, '2019-05-28', 0, 2500, 0);
insert into status_sobe(id, soba_id, datum, zauzeto, cena, popust) values (6557, 1125, '2019-05-29', 0, 2500, 0);
insert into status_sobe(id, soba_id, datum, zauzeto, cena, popust) values (6558, 1125, '2019-05-30', 0, 2500, 0);
insert into status_sobe(id, soba_id, datum, zauzeto, cena, popust) values (6559, 1125, '2019-05-31', 0, 2500, 0);
insert into status_sobe(id, soba_id, datum, zauzeto, cena, popust) values (6561, 1125, '2019-06-01', 0, 2500, 0);
insert into status_sobe(id, soba_id, datum, zauzeto, cena, popust) values (6562, 1125, '2019-06-02', 0, 2500, 0);
insert into status_sobe(id, soba_id, datum, zauzeto, cena, popust) values (6563, 1125, '2019-06-03', 0, 2500, 0);
insert into status_sobe(id, soba_id, datum, zauzeto, cena, popust) values (6564, 1125, '2019-06-04', 0, 2500, 0);
insert into status_sobe(id, soba_id, datum, zauzeto, cena, popust) values (6565, 1125, '2019-06-05', 0, 2500, 0);
insert into status_sobe(id, soba_id, datum, zauzeto, cena, popust) values (6566, 1125, '2019-06-06', 0, 2500, 0);
insert into status_sobe(id, soba_id, datum, zauzeto, cena, popust) values (6567, 1125, '2019-06-07', 0, 2500, 0);
insert into status_sobe(id, soba_id, datum, zauzeto, cena, popust) values (6568, 1125, '2019-06-08', 0, 2500, 0);
insert into status_sobe(id, soba_id, datum, zauzeto, cena, popust) values (6569, 1125, '2019-06-09', 0, 2500, 0);
insert into status_sobe(id, soba_id, datum, zauzeto, cena, popust) values (6570, 1125, '2019-06-10', 0, 2500, 0);
insert into status_sobe(id, soba_id, datum, zauzeto, cena, popust) values (6571, 1125, '2019-06-11', 0, 2500, 0);
insert into status_sobe(id, soba_id, datum, zauzeto, cena, popust) values (6572, 1125, '2019-06-12', 0, 2500, 0);
insert into status_sobe(id, soba_id, datum, zauzeto, cena, popust) values (6573, 1125, '2019-06-13', 0, 2500, 0);
insert into status_sobe(id, soba_id, datum, zauzeto, cena, popust) values (6574, 1125, '2019-06-14', 0, 2500, 0);
insert into status_sobe(id, soba_id, datum, zauzeto, cena, popust) values (6575, 1125, '2019-06-15', 0, 2500, 0);
insert into status_sobe(id, soba_id, datum, zauzeto, cena, popust) values (6576, 1125, '2019-06-16', 0, 2500, 0);
insert into status_sobe(id, soba_id, datum, zauzeto, cena, popust) values (6577, 1125, '2019-06-17', 0, 2500, 0);
insert into status_sobe(id, soba_id, datum, zauzeto, cena, popust) values (6578, 1125, '2019-06-18', 0, 2500, 0);
insert into status_sobe(id, soba_id, datum, zauzeto, cena, popust) values (6579, 1125, '2019-06-19', 0, 2500, 0);
insert into status_sobe(id, soba_id, datum, zauzeto, cena, popust) values (6580, 1125, '2019-06-20', 0, 2500, 0);
insert into status_sobe(id, soba_id, datum, zauzeto, cena, popust) values (6581, 1125, '2019-06-21', 0, 2500, 0);
insert into status_sobe(id, soba_id, datum, zauzeto, cena, popust) values (6582, 1125, '2019-06-22', 0, 2500, 0);
insert into status_sobe(id, soba_id, datum, zauzeto, cena, popust) values (6583, 1125, '2019-06-23', 0, 2500, 0);
insert into status_sobe(id, soba_id, datum, zauzeto, cena, popust) values (6584, 1125, '2019-06-24', 0, 2500, 0);
insert into status_sobe(id, soba_id, datum, zauzeto, cena, popust) values (6585, 1125, '2019-06-25', 0, 2500, 0);
insert into status_sobe(id, soba_id, datum, zauzeto, cena, popust) values (6586, 1125, '2019-06-26', 0, 2500, 0);
insert into status_sobe(id, soba_id, datum, zauzeto, cena, popust) values (6587, 1125, '2019-06-27', 0, 2500, 0);
insert into status_sobe(id, soba_id, datum, zauzeto, cena, popust) values (6588, 1125, '2019-06-28', 0, 2500, 0);
insert into status_sobe(id, soba_id, datum, zauzeto, cena, popust) values (6589, 1125, '2019-06-29', 0, 2500, 0);
insert into status_sobe(id, soba_id, datum, zauzeto, cena, popust) values (6590, 1125, '2019-06-30', 0, 2500, 0);
insert into status_sobe(id, soba_id, datum, zauzeto, cena, popust) values (6593, 1125, '2019-07-01', 0, 2500, 0);
insert into status_sobe(id, soba_id, datum, zauzeto, cena, popust) values (6594, 1125, '2019-07-02', 0, 2500, 0);
insert into status_sobe(id, soba_id, datum, zauzeto, cena, popust) values (6595, 1125, '2019-07-03', 0, 2500, 0);
insert into status_sobe(id, soba_id, datum, zauzeto, cena, popust) values (6596, 1125, '2019-07-04', 0, 2500, 0);
insert into status_sobe(id, soba_id, datum, zauzeto, cena, popust) values (6597, 1125, '2019-07-05', 0, 2500, 0);
insert into status_sobe(id, soba_id, datum, zauzeto, cena, popust) values (6598, 1125, '2019-07-06', 0, 2500, 0);
insert into status_sobe(id, soba_id, datum, zauzeto, cena, popust) values (6599, 1125, '2019-07-07', 0, 2500, 0);
insert into status_sobe(id, soba_id, datum, zauzeto, cena, popust) values (6600, 1125, '2019-07-08', 0, 2500, 0);
insert into status_sobe(id, soba_id, datum, zauzeto, cena, popust) values (6601, 1125, '2019-07-09', 0, 2500, 0);
insert into status_sobe(id, soba_id, datum, zauzeto, cena, popust) values (6602, 1125, '2019-07-10', 0, 2500, 0);
insert into status_sobe(id, soba_id, datum, zauzeto, cena, popust) values (6603, 1125, '2019-07-11', 0, 2500, 0);
insert into status_sobe(id, soba_id, datum, zauzeto, cena, popust) values (6604, 1125, '2019-07-12', 0, 2500, 0);
insert into status_sobe(id, soba_id, datum, zauzeto, cena, popust) values (6605, 1125, '2019-07-13', 0, 2500, 0);
insert into status_sobe(id, soba_id, datum, zauzeto, cena, popust) values (6606, 1125, '2019-07-14', 0, 2500, 0);
insert into status_sobe(id, soba_id, datum, zauzeto, cena, popust) values (6607, 1125, '2019-07-15', 0, 2500, 0);
insert into status_sobe(id, soba_id, datum, zauzeto, cena, popust) values (6608, 1125, '2019-07-16', 0, 2500, 0);
insert into status_sobe(id, soba_id, datum, zauzeto, cena, popust) values (6609, 1125, '2019-07-17', 0, 2500, 0);
insert into status_sobe(id, soba_id, datum, zauzeto, cena, popust) values (6610, 1125, '2019-07-18', 0, 2500, 0);
insert into status_sobe(id, soba_id, datum, zauzeto, cena, popust) values (6611, 1125, '2019-07-19', 0, 2500, 0);
insert into status_sobe(id, soba_id, datum, zauzeto, cena, popust) values (6612, 1125, '2019-07-20', 0, 2500, 0);
insert into status_sobe(id, soba_id, datum, zauzeto, cena, popust) values (6613, 1125, '2019-07-21', 0, 2500, 0);
insert into status_sobe(id, soba_id, datum, zauzeto, cena, popust) values (6614, 1125, '2019-07-22', 0, 2500, 0);
insert into status_sobe(id, soba_id, datum, zauzeto, cena, popust) values (6615, 1125, '2019-07-23', 0, 2500, 0);
insert into status_sobe(id, soba_id, datum, zauzeto, cena, popust) values (6616, 1125, '2019-07-24', 0, 2500, 0);
insert into status_sobe(id, soba_id, datum, zauzeto, cena, popust) values (6617, 1125, '2019-07-25', 0, 2500, 0);
insert into status_sobe(id, soba_id, datum, zauzeto, cena, popust) values (6618, 1125, '2019-07-26', 0, 2500, 0);
insert into status_sobe(id, soba_id, datum, zauzeto, cena, popust) values (6619, 1125, '2019-07-27', 0, 2500, 0);
insert into status_sobe(id, soba_id, datum, zauzeto, cena, popust) values (6620, 1125, '2019-07-28', 0, 2500, 0);
insert into status_sobe(id, soba_id, datum, zauzeto, cena, popust) values (6621, 1125, '2019-07-29', 0, 2500, 0);
insert into status_sobe(id, soba_id, datum, zauzeto, cena, popust) values (6622, 1125, '2019-07-30', 0, 2500, 0);
insert into status_sobe(id, soba_id, datum, zauzeto, cena, popust) values (6623, 1125, '2019-07-31', 0, 2500, 0);
insert into status_sobe(id, soba_id, datum, zauzeto, cena, popust) values (6625, 1125, '2019-08-01', 0, 2500, 0);
insert into status_sobe(id, soba_id, datum, zauzeto, cena, popust) values (6626, 1125, '2019-08-02', 0, 2500, 0);
insert into status_sobe(id, soba_id, datum, zauzeto, cena, popust) values (6627, 1125, '2019-08-03', 0, 2500, 0);
insert into status_sobe(id, soba_id, datum, zauzeto, cena, popust) values (6628, 1125, '2019-08-04', 0, 2500, 0);
insert into status_sobe(id, soba_id, datum, zauzeto, cena, popust) values (6629, 1125, '2019-08-05', 0, 2500, 0);
insert into status_sobe(id, soba_id, datum, zauzeto, cena, popust) values (6630, 1125, '2019-08-06', 0, 2500, 0);
insert into status_sobe(id, soba_id, datum, zauzeto, cena, popust) values (6631, 1125, '2019-08-07', 0, 2500, 0);
insert into status_sobe(id, soba_id, datum, zauzeto, cena, popust) values (6632, 1125, '2019-08-08', 0, 2500, 0);
insert into status_sobe(id, soba_id, datum, zauzeto, cena, popust) values (6633, 1125, '2019-08-09', 0, 2500, 0);
insert into status_sobe(id, soba_id, datum, zauzeto, cena, popust) values (6634, 1125, '2019-08-10', 0, 2500, 0);
insert into status_sobe(id, soba_id, datum, zauzeto, cena, popust) values (6635, 1125, '2019-08-11', 0, 2500, 0);
insert into status_sobe(id, soba_id, datum, zauzeto, cena, popust) values (6636, 1125, '2019-08-12', 0, 2500, 0);
insert into status_sobe(id, soba_id, datum, zauzeto, cena, popust) values (6637, 1125, '2019-08-13', 0, 2500, 0);
insert into status_sobe(id, soba_id, datum, zauzeto, cena, popust) values (6638, 1125, '2019-08-14', 0, 2500, 0);
insert into status_sobe(id, soba_id, datum, zauzeto, cena, popust) values (6639, 1125, '2019-08-15', 0, 2500, 0);
insert into status_sobe(id, soba_id, datum, zauzeto, cena, popust) values (6640, 1125, '2019-08-16', 0, 2500, 0);
insert into status_sobe(id, soba_id, datum, zauzeto, cena, popust) values (6641, 1125, '2019-08-17', 0, 2500, 0);
insert into status_sobe(id, soba_id, datum, zauzeto, cena, popust) values (6642, 1125, '2019-08-18', 0, 2500, 0);
insert into status_sobe(id, soba_id, datum, zauzeto, cena, popust) values (6643, 1125, '2019-08-19', 0, 2500, 0);
insert into status_sobe(id, soba_id, datum, zauzeto, cena, popust) values (6644, 1125, '2019-08-20', 0, 2500, 0);
insert into status_sobe(id, soba_id, datum, zauzeto, cena, popust) values (6645, 1125, '2019-08-21', 0, 2500, 0);
insert into status_sobe(id, soba_id, datum, zauzeto, cena, popust) values (6646, 1125, '2019-08-22', 0, 2500, 0);
insert into status_sobe(id, soba_id, datum, zauzeto, cena, popust) values (6647, 1125, '2019-08-23', 0, 2500, 0);
insert into status_sobe(id, soba_id, datum, zauzeto, cena, popust) values (6648, 1125, '2019-08-24', 0, 2500, 0);
insert into status_sobe(id, soba_id, datum, zauzeto, cena, popust) values (6649, 1125, '2019-08-25', 0, 2500, 0);
insert into status_sobe(id, soba_id, datum, zauzeto, cena, popust) values (6650, 1125, '2019-08-26', 0, 2500, 0);
insert into status_sobe(id, soba_id, datum, zauzeto, cena, popust) values (6651, 1125, '2019-08-27', 0, 2500, 0);
insert into status_sobe(id, soba_id, datum, zauzeto, cena, popust) values (6652, 1125, '2019-08-28', 0, 2500, 0);
insert into status_sobe(id, soba_id, datum, zauzeto, cena, popust) values (6653, 1125, '2019-08-29', 0, 2500, 0);
insert into status_sobe(id, soba_id, datum, zauzeto, cena, popust) values (6654, 1125, '2019-08-30', 0, 2500, 0);
insert into status_sobe(id, soba_id, datum, zauzeto, cena, popust) values (6655, 1125, '2019-08-31', 0, 2500, 0);
insert into status_sobe(id, soba_id, datum, zauzeto, cena, popust) values (6657, 1125, '2019-09-01', 0, 2500, 0);
insert into status_sobe(id, soba_id, datum, zauzeto, cena, popust) values (6658, 1125, '2019-09-02', 0, 2500, 0);
insert into status_sobe(id, soba_id, datum, zauzeto, cena, popust) values (6659, 1125, '2019-09-03', 0, 2500, 0);
insert into status_sobe(id, soba_id, datum, zauzeto, cena, popust) values (6660, 1125, '2019-09-04', 0, 2500, 0);
insert into status_sobe(id, soba_id, datum, zauzeto, cena, popust) values (6661, 1125, '2019-09-05', 0, 2500, 0);
insert into status_sobe(id, soba_id, datum, zauzeto, cena, popust) values (6662, 1125, '2019-09-06', 0, 2500, 0);
insert into status_sobe(id, soba_id, datum, zauzeto, cena, popust) values (6663, 1125, '2019-09-07', 0, 2500, 0);
insert into status_sobe(id, soba_id, datum, zauzeto, cena, popust) values (6664, 1125, '2019-09-08', 0, 2500, 0);
insert into status_sobe(id, soba_id, datum, zauzeto, cena, popust) values (6665, 1125, '2019-09-09', 0, 2500, 0);
insert into status_sobe(id, soba_id, datum, zauzeto, cena, popust) values (6666, 1125, '2019-09-10', 0, 2500, 0);
insert into status_sobe(id, soba_id, datum, zauzeto, cena, popust) values (6667, 1125, '2019-09-11', 0, 2500, 0);
insert into status_sobe(id, soba_id, datum, zauzeto, cena, popust) values (6668, 1125, '2019-09-12', 0, 2500, 0);
insert into status_sobe(id, soba_id, datum, zauzeto, cena, popust) values (6669, 1125, '2019-09-13', 0, 2500, 0);
insert into status_sobe(id, soba_id, datum, zauzeto, cena, popust) values (6670, 1125, '2019-09-14', 0, 2500, 0);
insert into status_sobe(id, soba_id, datum, zauzeto, cena, popust) values (6671, 1125, '2019-09-15', 0, 2500, 0);
insert into status_sobe(id, soba_id, datum, zauzeto, cena, popust) values (6672, 1125, '2019-09-16', 0, 2500, 0);
insert into status_sobe(id, soba_id, datum, zauzeto, cena, popust) values (6673, 1125, '2019-09-17', 0, 2500, 0);
insert into status_sobe(id, soba_id, datum, zauzeto, cena, popust) values (6674, 1125, '2019-09-18', 0, 2500, 0);
insert into status_sobe(id, soba_id, datum, zauzeto, cena, popust) values (6675, 1125, '2019-09-19', 0, 2500, 0);
insert into status_sobe(id, soba_id, datum, zauzeto, cena, popust) values (6676, 1125, '2019-09-20', 0, 2500, 0);
insert into status_sobe(id, soba_id, datum, zauzeto, cena, popust) values (6677, 1125, '2019-09-21', 0, 2500, 0);
insert into status_sobe(id, soba_id, datum, zauzeto, cena, popust) values (6678, 1125, '2019-09-22', 0, 2500, 0);
insert into status_sobe(id, soba_id, datum, zauzeto, cena, popust) values (6679, 1125, '2019-09-23', 0, 2500, 0);
insert into status_sobe(id, soba_id, datum, zauzeto, cena, popust) values (6680, 1125, '2019-09-24', 0, 2500, 0);
insert into status_sobe(id, soba_id, datum, zauzeto, cena, popust) values (6681, 1125, '2019-09-25', 0, 2500, 0);
insert into status_sobe(id, soba_id, datum, zauzeto, cena, popust) values (6682, 1125, '2019-09-26', 0, 2500, 0);
insert into status_sobe(id, soba_id, datum, zauzeto, cena, popust) values (6683, 1125, '2019-09-27', 0, 2500, 0);
insert into status_sobe(id, soba_id, datum, zauzeto, cena, popust) values (6684, 1125, '2019-09-28', 0, 2500, 0);
insert into status_sobe(id, soba_id, datum, zauzeto, cena, popust) values (6685, 1125, '2019-09-29', 0, 2500, 0);
insert into status_sobe(id, soba_id, datum, zauzeto, cena, popust) values (6686, 1125, '2019-09-30', 0, 2500, 0);
insert into status_sobe(id, soba_id, datum, zauzeto, cena, popust) values (6721, 1125, '2019-10-01', 0, 2500, 0);
insert into status_sobe(id, soba_id, datum, zauzeto, cena, popust) values (6722, 1125, '2019-10-02', 0, 2500, 0);
insert into status_sobe(id, soba_id, datum, zauzeto, cena, popust) values (6723, 1125, '2019-10-03', 0, 2500, 0);
insert into status_sobe(id, soba_id, datum, zauzeto, cena, popust) values (6724, 1125, '2019-10-04', 0, 2500, 0);
insert into status_sobe(id, soba_id, datum, zauzeto, cena, popust) values (6725, 1125, '2019-10-05', 0, 2500, 0);
insert into status_sobe(id, soba_id, datum, zauzeto, cena, popust) values (6726, 1125, '2019-10-06', 0, 2500, 0);
insert into status_sobe(id, soba_id, datum, zauzeto, cena, popust) values (6727, 1125, '2019-10-07', 0, 2500, 0);
insert into status_sobe(id, soba_id, datum, zauzeto, cena, popust) values (6728, 1125, '2019-10-08', 0, 2500, 0);
insert into status_sobe(id, soba_id, datum, zauzeto, cena, popust) values (6729, 1125, '2019-10-09', 0, 2500, 0);
insert into status_sobe(id, soba_id, datum, zauzeto, cena, popust) values (6730, 1125, '2019-10-10', 0, 2500, 0);
insert into status_sobe(id, soba_id, datum, zauzeto, cena, popust) values (6731, 1125, '2019-10-11', 0, 2500, 0);
insert into status_sobe(id, soba_id, datum, zauzeto, cena, popust) values (6732, 1125, '2019-10-12', 0, 2500, 0);
insert into status_sobe(id, soba_id, datum, zauzeto, cena, popust) values (6733, 1125, '2019-10-13', 0, 2500, 0);
insert into status_sobe(id, soba_id, datum, zauzeto, cena, popust) values (6734, 1125, '2019-10-14', 0, 2500, 0);
insert into status_sobe(id, soba_id, datum, zauzeto, cena, popust) values (6735, 1125, '2019-10-15', 0, 2500, 0);
insert into status_sobe(id, soba_id, datum, zauzeto, cena, popust) values (6736, 1125, '2019-10-16', 0, 2500, 0);
insert into status_sobe(id, soba_id, datum, zauzeto, cena, popust) values (6737, 1125, '2019-10-17', 0, 2500, 0);
insert into status_sobe(id, soba_id, datum, zauzeto, cena, popust) values (6738, 1125, '2019-10-18', 0, 2500, 0);
insert into status_sobe(id, soba_id, datum, zauzeto, cena, popust) values (6739, 1125, '2019-10-19', 0, 2500, 0);
insert into status_sobe(id, soba_id, datum, zauzeto, cena, popust) values (6740, 1125, '2019-10-20', 0, 2500, 0);
insert into status_sobe(id, soba_id, datum, zauzeto, cena, popust) values (6741, 1125, '2019-10-21', 0, 2500, 0);
insert into status_sobe(id, soba_id, datum, zauzeto, cena, popust) values (6742, 1125, '2019-10-22', 0, 2500, 0);
insert into status_sobe(id, soba_id, datum, zauzeto, cena, popust) values (6743, 1125, '2019-10-23', 0, 2500, 0);
insert into status_sobe(id, soba_id, datum, zauzeto, cena, popust) values (6744, 1125, '2019-10-24', 0, 2500, 0);
insert into status_sobe(id, soba_id, datum, zauzeto, cena, popust) values (6745, 1125, '2019-10-25', 0, 2500, 0);
insert into status_sobe(id, soba_id, datum, zauzeto, cena, popust) values (6746, 1125, '2019-10-26', 0, 2500, 0);
insert into status_sobe(id, soba_id, datum, zauzeto, cena, popust) values (6747, 1125, '2019-10-27', 0, 2500, 0);
insert into status_sobe(id, soba_id, datum, zauzeto, cena, popust) values (6748, 1125, '2019-10-28', 0, 2500, 0);
insert into status_sobe(id, soba_id, datum, zauzeto, cena, popust) values (6749, 1125, '2019-10-29', 0, 2500, 0);
insert into status_sobe(id, soba_id, datum, zauzeto, cena, popust) values (6750, 1125, '2019-10-30', 0, 2500, 0);
insert into status_sobe(id, soba_id, datum, zauzeto, cena, popust) values (6751, 1125, '2019-10-31', 0, 2500, 0);
insert into status_sobe(id, soba_id, datum, zauzeto, cena, popust) values (6785, 1125, '2019-11-01', 0, 2500, 0);
insert into status_sobe(id, soba_id, datum, zauzeto, cena, popust) values (6786, 1125, '2019-11-02', 0, 2500, 0);
insert into status_sobe(id, soba_id, datum, zauzeto, cena, popust) values (6787, 1125, '2019-11-03', 0, 2500, 0);
insert into status_sobe(id, soba_id, datum, zauzeto, cena, popust) values (6788, 1125, '2019-11-04', 0, 2500, 0);
insert into status_sobe(id, soba_id, datum, zauzeto, cena, popust) values (6789, 1125, '2019-11-05', 0, 2500, 0);
insert into status_sobe(id, soba_id, datum, zauzeto, cena, popust) values (6790, 1125, '2019-11-06', 0, 2500, 0);
insert into status_sobe(id, soba_id, datum, zauzeto, cena, popust) values (6791, 1125, '2019-11-07', 0, 2500, 0);
insert into status_sobe(id, soba_id, datum, zauzeto, cena, popust) values (6792, 1125, '2019-11-08', 0, 2500, 0);
insert into status_sobe(id, soba_id, datum, zauzeto, cena, popust) values (6793, 1125, '2019-11-09', 0, 2500, 0);
insert into status_sobe(id, soba_id, datum, zauzeto, cena, popust) values (6794, 1125, '2019-11-10', 0, 2500, 0);
insert into status_sobe(id, soba_id, datum, zauzeto, cena, popust) values (6795, 1125, '2019-11-11', 0, 2500, 0);
insert into status_sobe(id, soba_id, datum, zauzeto, cena, popust) values (6796, 1125, '2019-11-12', 0, 2500, 0);
insert into status_sobe(id, soba_id, datum, zauzeto, cena, popust) values (6797, 1125, '2019-11-13', 0, 2500, 0);
insert into status_sobe(id, soba_id, datum, zauzeto, cena, popust) values (6798, 1125, '2019-11-14', 0, 2500, 0);
insert into status_sobe(id, soba_id, datum, zauzeto, cena, popust) values (6799, 1125, '2019-11-15', 0, 2500, 0);
insert into status_sobe(id, soba_id, datum, zauzeto, cena, popust) values (6800, 1125, '2019-11-16', 0, 2500, 0);
insert into status_sobe(id, soba_id, datum, zauzeto, cena, popust) values (6801, 1125, '2019-11-17', 0, 2500, 0);
insert into status_sobe(id, soba_id, datum, zauzeto, cena, popust) values (6802, 1125, '2019-11-18', 0, 2500, 0);
insert into status_sobe(id, soba_id, datum, zauzeto, cena, popust) values (6803, 1125, '2019-11-19', 0, 2500, 0);
insert into status_sobe(id, soba_id, datum, zauzeto, cena, popust) values (6804, 1125, '2019-11-20', 0, 2500, 0);
insert into status_sobe(id, soba_id, datum, zauzeto, cena, popust) values (6805, 1125, '2019-11-21', 0, 2500, 0);
insert into status_sobe(id, soba_id, datum, zauzeto, cena, popust) values (6806, 1125, '2019-11-22', 0, 2500, 0);
insert into status_sobe(id, soba_id, datum, zauzeto, cena, popust) values (6807, 1125, '2019-11-23', 0, 2500, 0);
insert into status_sobe(id, soba_id, datum, zauzeto, cena, popust) values (6808, 1125, '2019-11-24', 0, 2500, 0);
insert into status_sobe(id, soba_id, datum, zauzeto, cena, popust) values (6809, 1125, '2019-11-25', 0, 2500, 0);
insert into status_sobe(id, soba_id, datum, zauzeto, cena, popust) values (6810, 1125, '2019-11-26', 0, 2500, 0);
insert into status_sobe(id, soba_id, datum, zauzeto, cena, popust) values (6811, 1125, '2019-11-27', 0, 2500, 0);
insert into status_sobe(id, soba_id, datum, zauzeto, cena, popust) values (6812, 1125, '2019-11-28', 0, 2500, 0);
insert into status_sobe(id, soba_id, datum, zauzeto, cena, popust) values (6813, 1125, '2019-11-29', 0, 2500, 0);
insert into status_sobe(id, soba_id, datum, zauzeto, cena, popust) values (6814, 1125, '2019-11-30', 0, 2500, 0);
insert into status_sobe(id, soba_id, datum, zauzeto, cena, popust) values (6817, 1125, '2019-12-01', 0, 2500, 0);
insert into status_sobe(id, soba_id, datum, zauzeto, cena, popust) values (6818, 1125, '2019-12-02', 0, 2500, 0);
insert into status_sobe(id, soba_id, datum, zauzeto, cena, popust) values (6819, 1125, '2019-12-03', 0, 2500, 0);
insert into status_sobe(id, soba_id, datum, zauzeto, cena, popust) values (6820, 1125, '2019-12-04', 0, 2500, 0);
insert into status_sobe(id, soba_id, datum, zauzeto, cena, popust) values (6821, 1125, '2019-12-05', 0, 2500, 0);
insert into status_sobe(id, soba_id, datum, zauzeto, cena, popust) values (6822, 1125, '2019-12-06', 0, 2500, 0);
insert into status_sobe(id, soba_id, datum, zauzeto, cena, popust) values (6823, 1125, '2019-12-07', 0, 2500, 0);
insert into status_sobe(id, soba_id, datum, zauzeto, cena, popust) values (6824, 1125, '2019-12-08', 0, 2500, 0);
insert into status_sobe(id, soba_id, datum, zauzeto, cena, popust) values (6825, 1125, '2019-12-09', 0, 2500, 0);
insert into status_sobe(id, soba_id, datum, zauzeto, cena, popust) values (6826, 1125, '2019-12-10', 0, 2500, 0);
insert into status_sobe(id, soba_id, datum, zauzeto, cena, popust) values (6827, 1125, '2019-12-11', 0, 2500, 0);
insert into status_sobe(id, soba_id, datum, zauzeto, cena, popust) values (6828, 1125, '2019-12-12', 0, 2500, 0);
insert into status_sobe(id, soba_id, datum, zauzeto, cena, popust) values (6829, 1125, '2019-12-13', 0, 2500, 0);
insert into status_sobe(id, soba_id, datum, zauzeto, cena, popust) values (6830, 1125, '2019-12-14', 0, 2500, 0);
insert into status_sobe(id, soba_id, datum, zauzeto, cena, popust) values (6831, 1125, '2019-12-15', 0, 2500, 0);
insert into status_sobe(id, soba_id, datum, zauzeto, cena, popust) values (6832, 1125, '2019-12-16', 0, 2500, 0);
insert into status_sobe(id, soba_id, datum, zauzeto, cena, popust) values (6833, 1125, '2019-12-17', 0, 2500, 0);
insert into status_sobe(id, soba_id, datum, zauzeto, cena, popust) values (6834, 1125, '2019-12-18', 0, 2500, 0);
insert into status_sobe(id, soba_id, datum, zauzeto, cena, popust) values (6835, 1125, '2019-12-19', 0, 2500, 0);
insert into status_sobe(id, soba_id, datum, zauzeto, cena, popust) values (6836, 1125, '2019-12-20', 0, 2500, 0);
insert into status_sobe(id, soba_id, datum, zauzeto, cena, popust) values (6837, 1125, '2019-12-21', 0, 2500, 0);
insert into status_sobe(id, soba_id, datum, zauzeto, cena, popust) values (6838, 1125, '2019-12-22', 0, 2500, 0);
insert into status_sobe(id, soba_id, datum, zauzeto, cena, popust) values (6839, 1125, '2019-12-23', 0, 2500, 0);
insert into status_sobe(id, soba_id, datum, zauzeto, cena, popust) values (6840, 1125, '2019-12-24', 0, 2500, 0);
insert into status_sobe(id, soba_id, datum, zauzeto, cena, popust) values (6841, 1125, '2019-12-25', 0, 2500, 0);
insert into status_sobe(id, soba_id, datum, zauzeto, cena, popust) values (6842, 1125, '2019-12-26', 0, 2500, 0);
insert into status_sobe(id, soba_id, datum, zauzeto, cena, popust) values (6843, 1125, '2019-12-27', 0, 2500, 0);
insert into status_sobe(id, soba_id, datum, zauzeto, cena, popust) values (6844, 1125, '2019-12-28', 0, 2500, 0);
insert into status_sobe(id, soba_id, datum, zauzeto, cena, popust) values (6845, 1125, '2019-12-29', 0, 2500, 0);
insert into status_sobe(id, soba_id, datum, zauzeto, cena, popust) values (6846, 1125, '2019-12-30', 0, 2500, 0);
insert into status_sobe(id, soba_id, datum, zauzeto, cena, popust) values (6847, 1125, '2019-12-31', 0, 2500, 0);*/
